% Preprocessing class: FSSSSMSSSSSNFFN.
% Configuration: G-E--_302_C18_F1_URBAN_RG_S04BN
% (lift_lambdas = 1, lambda_to_forall = 1,unroll_only_formulas = 1, sine = Auto)
% No SInE strategy applied
fof(hypothesis, axiom, ![X1, X2, X3]:(X1=f(f(f(X1,X2),X1),f(X2,X3))), file('analysis/remaining_true_atp_export/true_2055_2656/true_2055_2656.p', hypothesis)).
fof(goal, conjecture, ![X1, X2, X3]:(X1=f(f(f(X1,X1),f(X2,X3)),X2)), file('analysis/remaining_true_atp_export/true_2055_2656/true_2055_2656.p', goal)).
fof(c_0_3, negated_conjecture, ~(![X1, X2, X3]:(X1=f(f(f(X1,X1),f(X2,X3)),X2))),inference(assume_negation, [status(cth)],[c_0_2])).
fof(c_0_4, plain, ![X4, X5, X6]:(X4=f(f(f(X4,X5),X4),f(X5,X6))),inference(variable_rename, [status(thm)],[c_0_1])).
cnf(c_0_5, plain, (X1=f(f(f(X1,X2),X1),f(X2,X3))),inference(split_conjunct, [status(thm)],[c_0_4])).
fof(c_0_6, negated_conjecture, ?[X1, X2, X3]:(X1!=f(f(f(X1,X1),f(X2,X3)),X2)),inference(fof_nnf, [status(thm)],[c_0_3])).
fof(c_0_7, negated_conjecture, ?[X7, X8, X9]:(X7!=f(f(f(X7,X7),f(X8,X9)),X8)),inference(variable_rename, [status(thm)],[c_0_6])).
fof(c_0_8, negated_conjecture, esk1_0!=f(f(f(esk1_0,esk1_0),f(esk2_0,esk3_0)),esk2_0),inference(skolemize, [status(esa)], [c_0_7])).
fof(c_0_9, negated_conjecture, esk1_0!=f(f(f(esk1_0,esk1_0),f(esk2_0,esk3_0)),esk2_0),inference(fof_nnf, [status(thm)],[c_0_8])).
cnf(c_0_10, negated_conjecture, (esk1_0!=f(f(f(esk1_0,esk1_0),f(esk2_0,esk3_0)),esk2_0)),inference(split_conjunct, [status(thm)],[c_0_9])).
% Search class: FUUPF-FFSF22-MFFFFFNN
% Configuration: G-E--_209_C18_F1_AE_CS_SP_PI_S0Y
% Initializing proof state
% Scanning for AC axioms
cnf(c_0_11, plain, (f(f(X1,f(f(X1,X2),X1)),f(f(X2,X3),X4))=f(f(X1,X2),X1)),inference(spm,[status(thm)],[c_0_5,c_0_5])).
cnf(c_0_12, plain, (f(f(f(X1,f(f(X2,X3),X2)),X1),X2)=X1),inference(spm,[status(thm)],[c_0_5,c_0_5])).
cnf(c_0_13, plain, (f(X1,f(X1,X2))=f(X1,X1)),inference(spm,[status(thm)],[c_0_5,c_0_5])).
cnf(c_0_14, plain, (f(f(f(X1,X1),X1),f(f(X1,X2),X3))=X1),inference(spm,[status(thm)],[c_0_5,c_0_13])).
cnf(c_0_15, plain, (f(X1,f(X1,X1))=f(X1,X1)),inference(spm,[status(thm)],[c_0_13,c_0_13])).
cnf(c_0_16, plain, (f(f(f(X1,X2),X1),f(X2,X2))=X1),inference(spm,[status(thm)],[c_0_5,c_0_13])).
cnf(c_0_17, plain, (f(f(f(X1,X2),X1),X1)=f(f(f(X1,X2),X1),f(f(X1,X2),X1))),inference(spm,[status(thm)],[c_0_13,c_0_5])).
cnf(c_0_18, plain, (f(f(X1,f(f(X1,f(f(f(f(X2,X3),X2),X4),f(f(X2,X3),X2))),X1)),X2)=f(f(X1,f(f(f(f(X2,X3),X2),X4),f(f(X2,X3),X2))),X1)),inference(spm,[status(thm)],[c_0_12,c_0_12])).
cnf(c_0_19, plain, (f(f(X1,f(f(X1,f(f(X2,X3),X2)),X1)),f(X2,X4))=f(f(X1,f(f(X2,X3),X2)),X1)),inference(spm,[status(thm)],[c_0_5,c_0_12])).
cnf(c_0_20, plain, (f(f(f(X1,f(f(X2,X3),X2)),X1),X1)=f(f(f(X1,f(f(X2,X3),X2)),X1),f(f(X1,f(f(X2,X3),X2)),X1))),inference(spm,[status(thm)],[c_0_13,c_0_12])).
cnf(c_0_21, plain, (f(f(f(X1,f(f(X2,f(f(X3,X4),X3)),X2)),X1),X2)=X1),inference(spm,[status(thm)],[c_0_5,c_0_12])).
cnf(c_0_22, plain, (f(f(f(X1,f(X2,f(f(X2,f(f(X3,X4),X3)),X2))),X1),f(f(X2,f(f(X3,X4),X3)),X2))=X1),inference(spm,[status(thm)],[c_0_12,c_0_12])).
cnf(c_0_23, plain, (f(f(f(X1,f(X2,f(f(X2,X3),X2))),X1),f(f(X2,X3),X2))=X1),inference(spm,[status(thm)],[c_0_12,c_0_5])).
cnf(c_0_24, plain, (f(f(f(X1,f(f(X2,X2),X2)),X1),X2)=X1),inference(spm,[status(thm)],[c_0_12,c_0_13])).
cnf(c_0_25, plain, (f(f(f(X1,X2),X1),f(X2,X2))=X1),inference(spm,[status(thm)],[c_0_12,c_0_5])).
cnf(c_0_26, plain, (f(f(X1,f(f(X1,f(X2,X3)),X1)),X2)=f(f(X1,f(X2,X3)),X1)),inference(spm,[status(thm)],[c_0_12,c_0_5])).
cnf(c_0_27, plain, (f(f(f(f(X1,X2),f(X1,X2)),f(X1,X2)),X1)=f(X1,X2)),inference(spm,[status(thm)],[c_0_12,c_0_13])).
cnf(c_0_28, plain, (f(f(f(X1,X2),X1),X1)=f(f(f(X1,X2),X1),f(f(X1,X2),X1))),inference(spm,[status(thm)],[c_0_12,c_0_5])).
cnf(c_0_29, plain, (f(f(X1,f(f(X1,X1),X1)),f(f(f(X1,X2),X3),X4))=f(f(X1,X1),X1)),inference(spm,[status(thm)],[c_0_5,c_0_14])).
cnf(c_0_30, plain, (f(f(f(X1,X1),X1),X1)=f(f(f(X1,X1),X1),f(f(X1,X1),X1))),inference(spm,[status(thm)],[c_0_13,c_0_14])).
cnf(c_0_31, plain, (f(f(f(f(f(X1,X1),X1),f(f(X1,X1),X1)),f(f(X1,X1),X1)),f(X1,X4))=f(f(X1,X1),X1)),inference(spm,[status(thm)],[c_0_14,c_0_14])).
cnf(c_0_32, plain, (f(f(f(X1,f(f(X2,X2),X2)),X1),X2)=X1),inference(spm,[status(thm)],[c_0_5,c_0_14])).
cnf(c_0_33, plain, (f(f(f(X1,f(X2,f(f(X2,X2),X2))),X1),f(f(X2,X2),X2))=X1),inference(spm,[status(thm)],[c_0_12,c_0_14])).
cnf(c_0_34, plain, (f(f(X1,f(f(X1,X1),X1)),f(f(f(f(X1,X1),X1),X2),X3))=f(f(X1,X1),X1)),inference(spm,[status(thm)],[c_0_14,c_0_14])).
cnf(c_0_35, plain, (f(f(X1,f(f(X1,X1),X1)),X1)=f(f(X1,X1),X1)),inference(spm,[status(thm)],[c_0_12,c_0_14])).
cnf(c_0_36, plain, (f(f(f(f(X1,X1),f(X1,X1)),f(X1,X1)),X1)=f(X1,X1)),inference(spm,[status(thm)],[c_0_14,c_0_14])).
cnf(c_0_37, plain, (f(f(f(f(f(X1,X2),X1),f(f(X1,X2),X1)),f(f(X1,X2),X1)),f(X1,X4))=f(f(X1,X2),X1)),inference(spm,[status(thm)],[c_0_14,c_0_5])).
cnf(c_0_38, plain, (f(f(f(f(f(X1,f(f(X2,X3),X2)),X1),f(f(X1,f(f(X2,X3),X2)),X1)),f(f(X1,f(f(X2,X3),X2)),X1)),f(X1,X4))=f(f(X1,f(f(X2,X3),X2)),X1)),inference(spm,[status(thm)],[c_0_14,c_0_12])).
cnf(c_0_39, plain, (f(f(f(X1,X1),X1),f(f(X1,X1),X3))=X1),inference(spm,[status(thm)],[c_0_14,c_0_13])).
cnf(c_0_40, plain, (f(f(f(X1,X1),X1),f(f(X1,X2),f(X1,X2)))=X1),inference(spm,[status(thm)],[c_0_14,c_0_13])).
cnf(c_0_41, plain, (f(f(f(f(X1,X2),f(X1,X2)),f(X1,X2)),X1)=f(X1,X2)),inference(spm,[status(thm)],[c_0_14,c_0_5])).
cnf(c_0_42, plain, (f(f(f(f(X1,f(f(X2,X3),X2)),f(X1,f(f(X2,X3),X2))),f(X1,f(f(X2,X3),X2))),X1)=f(X1,f(f(X2,X3),X2))),inference(spm,[status(thm)],[c_0_14,c_0_12])).
cnf(c_0_43, plain, (f(f(f(f(X1,X2),X1),f(f(f(f(X1,X2),X1),f(f(X1,X2),X1)),f(f(X1,X2),X1))),X1)=f(f(f(f(X1,X2),X1),f(f(X1,X2),X1)),f(f(X1,X2),X1))),inference(spm,[status(thm)],[c_0_12,c_0_30])).
cnf(c_0_44, plain, (f(f(X1,f(f(X1,X1),X1)),f(X1,X2))=f(f(X1,X1),X1)),inference(spm,[status(thm)],[c_0_5,c_0_30])).
cnf(c_0_45, plain, (f(f(f(X1,X1),X1),X1)=f(f(f(X1,X1),X1),f(f(X1,X1),X1))),inference(spm,[status(thm)],[c_0_13,c_0_30])).
cnf(c_0_46, plain, (f(f(f(f(f(X1,X1),X1),f(f(X1,X1),X1)),f(f(X1,X1),X1)),f(X1,X2))=f(f(X1,X1),X1)),inference(spm,[status(thm)],[c_0_14,c_0_30])).
cnf(c_0_47, plain, (f(f(f(X1,f(f(X2,X2),X2)),X1),X2)=X1),inference(spm,[status(thm)],[c_0_5,c_0_30])).
cnf(c_0_48, plain, (f(f(f(X1,f(X2,f(f(X2,X2),X2))),X1),f(f(X2,X2),X2))=X1),inference(spm,[status(thm)],[c_0_12,c_0_30])).
cnf(c_0_49, plain, (f(f(f(f(X1,X1),f(X1,X1)),f(X1,X1)),X1)=f(X1,X1)),inference(spm,[status(thm)],[c_0_14,c_0_30])).
cnf(c_0_50, plain, (f(f(X1,f(f(X1,X1),X1)),f(f(X1,X1),X1))=f(f(X1,X1),X1)),inference(spm,[status(thm)],[c_0_30,c_0_14])).
cnf(c_0_51, plain, (f(f(f(f(f(f(X1,X2),X1),f(f(X1,X2),X1)),f(f(X1,X2),X1)),f(f(f(X1,X2),X1),f(f(f(f(X1,X2),X1),f(f(X1,X2),X1)),f(f(X1,X2),X1)))),X1)=f(f(f(X1,X2),X1),f(f(f(f(X1,X2),X1),f(f(X1,X2),X1)),f(f(X1,X2),X1)))),inference(spm,[status(thm)],[c_0_12,c_0_35])).
cnf(c_0_52, plain, (f(f(f(f(X1,X1),X1),f(X1,f(f(X1,X1),X1))),f(X1,X2))=f(X1,f(f(X1,X1),X1))),inference(spm,[status(thm)],[c_0_5,c_0_35])).
cnf(c_0_53, plain, (f(f(X1,f(f(X1,X1),X1)),f(f(X1,X1),X1))=f(f(X1,f(f(X1,X1),X1)),f(X1,f(f(X1,X1),X1)))),inference(spm,[status(thm)],[c_0_13,c_0_35])).
cnf(c_0_54, plain, (f(f(f(f(X1,f(f(X1,X1),X1)),f(X1,f(f(X1,X1),X1))),f(X1,f(f(X1,X1),X1))),f(f(f(X1,X1),X1),X2))=f(X1,f(f(X1,X1),X1))),inference(spm,[status(thm)],[c_0_14,c_0_35])).
cnf(c_0_55, plain, (f(f(f(X1,f(X2,f(f(X2,X2),X2))),X1),f(f(X2,X2),X2))=X1),inference(spm,[status(thm)],[c_0_5,c_0_35])).
cnf(c_0_56, plain, (f(f(f(X1,f(f(f(X2,X2),X2),f(X2,f(f(X2,X2),X2)))),X1),f(X2,f(f(X2,X2),X2)))=X1),inference(spm,[status(thm)],[c_0_12,c_0_35])).
cnf(c_0_57, plain, (f(f(f(X1,X1),X1),f(f(f(X1,X1),X1),X2))=X1),inference(spm,[status(thm)],[c_0_5,c_0_35])).
cnf(c_0_58, plain, (f(f(f(X1,f(f(X2,X2),X2)),X1),X2)=X1),inference(spm,[status(thm)],[c_0_12,c_0_35])).
cnf(c_0_59, plain, (f(f(f(X1,X1),X1),f(f(X1,X1),X1))=X1),inference(spm,[status(thm)],[c_0_14,c_0_35])).
cnf(c_0_60, plain, (f(f(f(X1,X1),X1),X1)=X1),inference(spm,[status(thm)],[c_0_12,c_0_35])).
cnf(c_0_61, plain, (f(f(f(f(X1,X1),X1),f(X1,f(f(X1,X1),X1))),f(f(X1,X1),X1))=f(X1,f(f(X1,X1),X1))),inference(spm,[status(thm)],[c_0_35,c_0_14])).
cnf(c_0_62, plain, (f(f(f(X1,X1),X1),f(f(X1,X2),f(X1,X2)))=X1),inference(spm,[status(thm)],[c_0_14,c_0_52])).
cnf(c_0_63, plain, (f(f(f(X1,X1),X1),f(f(f(X1,X1),X1),X2))=X1),inference(spm,[status(thm)],[c_0_5,c_0_52])).
cnf(c_0_64, plain, (f(X1,f(X1,X1))=f(X1,X1)),inference(spm,[status(thm)],[c_0_13,c_0_52])).
cnf(c_0_65, plain, (f(f(f(X1,X1),X1),f(f(X1,X1),X2))=X1),inference(spm,[status(thm)],[c_0_14,c_0_52])).
cnf(c_0_66, plain, (f(f(f(X1,X2),X1),f(X2,X2))=X1),inference(spm,[status(thm)],[c_0_5,c_0_52])).
cnf(c_0_67, plain, (f(f(f(X1,f(f(X2,X2),X2)),X1),X2)=X1),inference(spm,[status(thm)],[c_0_12,c_0_52])).
cnf(c_0_68, plain, (f(f(f(X1,X1),X1),X1)=X1),inference(spm,[status(thm)],[c_0_12,c_0_52])).
cnf(c_0_69, plain, (f(f(f(X1,X1),X1),f(X1,f(f(X1,X1),X1)))=X1),inference(spm,[status(thm)],[c_0_52,c_0_14])).
cnf(c_0_70, plain, (f(f(f(f(X1,X1),X1),f(X1,X1)),f(f(X1,X2),X3))=f(X1,X1)),inference(spm,[status(thm)],[c_0_5,c_0_31])).
cnf(c_0_71, plain, (f(f(X1,X1),f(f(X1,X1),X1))=f(f(X1,X1),f(X1,X1))),inference(spm,[status(thm)],[c_0_13,c_0_31])).
cnf(c_0_72, plain, (f(f(f(f(X1,X1),f(X1,X1)),f(X1,X1)),f(f(f(X1,X1),X1),X3))=f(X1,X1)),inference(spm,[status(thm)],[c_0_14,c_0_31])).
cnf(c_0_73, plain, (f(f(f(X1,X1),f(X1,X1)),f(f(X1,X1),X1))=f(f(f(X1,X1),f(X1,X1)),f(X1,X1))),inference(spm,[status(thm)],[c_0_31,c_0_31])).
cnf(c_0_74, plain, (f(f(f(X1,f(X2,X2)),X1),f(f(X2,X2),X2))=X1),inference(spm,[status(thm)],[c_0_5,c_0_31])).
cnf(c_0_75, plain, (f(f(f(X1,f(f(f(X2,X2),X2),f(X2,X2))),X1),f(X2,X2))=X1),inference(spm,[status(thm)],[c_0_12,c_0_31])).
cnf(c_0_76, plain, (f(f(f(f(X1,X1),X1),f(X1,X1)),f(f(f(X1,X1),X2),X3))=f(X1,X1)),inference(spm,[status(thm)],[c_0_14,c_0_31])).
cnf(c_0_77, plain, (f(f(f(X1,X1),X1),f(f(X1,X1),X2))=f(f(f(X1,X1),X1),f(X1,X1))),inference(spm,[status(thm)],[c_0_31,c_0_31])).
cnf(c_0_78, plain, (f(f(f(f(X1,X1),X1),f(X1,X1)),f(X1,X1))=f(X1,X1)),inference(spm,[status(thm)],[c_0_30,c_0_31])).
cnf(c_0_79, plain, (f(f(X1,X1),f(f(f(X1,X1),X1),f(X1,X1)))=f(f(X1,X1),X1)),inference(spm,[status(thm)],[c_0_52,c_0_31])).
cnf(c_0_80, plain, (f(f(f(f(f(X1,X2),f(X1,X2)),f(X1,X2)),f(f(X1,X2),f(X1,X2))),X1)=f(f(X1,X2),f(X1,X2))),inference(spm,[status(thm)],[c_0_12,c_0_31])).
cnf(c_0_81, plain, (f(f(f(X1,X1),X1),f(f(X1,X1),X1))=X1),inference(spm,[status(thm)],[c_0_14,c_0_31])).
cnf(c_0_82, plain, (f(f(f(f(X1,X1),X1),f(f(X1,X1),X1)),X1)=f(f(f(f(X1,X1),X1),f(f(X1,X1),X1)),f(f(X1,X1),X1))),inference(spm,[status(thm)],[c_0_31,c_0_14])).
cnf(c_0_83, plain, (f(f(f(f(X1,X2),X1),f(f(X1,X2),X1)),X1)=f(f(f(f(X1,X2),X1),f(f(X1,X2),X1)),f(f(X1,X2),X1))),inference(spm,[status(thm)],[c_0_31,c_0_5])).
cnf(c_0_84, plain, (f(f(f(f(X1,f(f(X2,X3),X2)),X1),f(f(X1,f(f(X2,X3),X2)),X1)),X1)=f(f(f(f(X1,f(f(X2,X3),X2)),X1),f(f(X1,f(f(X2,X3),X2)),X1)),f(f(X1,f(f(X2,X3),X2)),X1))),inference(spm,[status(thm)],[c_0_31,c_0_12])).
cnf(c_0_85, plain, (f(f(f(f(X1,X1),X1),f(f(X1,X1),X1)),X1)=f(f(f(f(X1,X1),X1),f(f(X1,X1),X1)),f(f(X1,X1),X1))),inference(spm,[status(thm)],[c_0_31,c_0_30])).
cnf(c_0_86, plain, (f(f(X1,X1),f(X1,X1))=f(f(X1,X1),X1)),inference(spm,[status(thm)],[c_0_31,c_0_52])).
cnf(c_0_87, plain, (f(f(X1,X1),f(X1,X1))=f(f(X1,X1),X1)),inference(spm,[status(thm)],[c_0_31,c_0_13])).
cnf(c_0_88, plain, (f(X1,f(f(f(X1,X1),X1),X2))=f(X1,f(f(X1,X1),X1))),inference(spm,[status(thm)],[c_0_31,c_0_14])).
cnf(c_0_89, plain, (f(f(f(X1,X1),X1),f(f(X1,X2),f(X1,X2)))=X1),inference(spm,[status(thm)],[c_0_14,c_0_70])).
cnf(c_0_90, plain, (f(X1,f(f(X1,X2),f(X1,X2)))=f(X1,X1)),inference(spm,[status(thm)],[c_0_70,c_0_70])).
cnf(c_0_91, plain, (f(f(f(X1,X1),X1),f(f(f(X1,X2),X3),X4))=X1),inference(spm,[status(thm)],[c_0_5,c_0_70])).
cnf(c_0_92, plain, (f(X1,f(X1,X1))=f(X1,X1)),inference(spm,[status(thm)],[c_0_13,c_0_70])).
cnf(c_0_93, plain, (f(f(f(X1,X1),X1),f(f(X1,X1),X4))=X1),inference(spm,[status(thm)],[c_0_14,c_0_70])).
cnf(c_0_94, plain, (f(f(X1,X1),f(X1,X1))=f(f(X1,X1),X1)),inference(spm,[status(thm)],[c_0_31,c_0_70])).
cnf(c_0_95, plain, (f(X1,f(f(X1,X1),X4))=f(X1,X1)),inference(spm,[status(thm)],[c_0_70,c_0_70])).
cnf(c_0_96, plain, (f(f(f(X1,X2),X1),f(X2,X2))=X1),inference(spm,[status(thm)],[c_0_5,c_0_70])).
cnf(c_0_97, plain, (f(f(f(X1,f(f(X2,X2),X2)),X1),X2)=X1),inference(spm,[status(thm)],[c_0_12,c_0_70])).
cnf(c_0_98, plain, (f(f(f(X1,X1),X1),X1)=X1),inference(spm,[status(thm)],[c_0_12,c_0_70])).
cnf(c_0_99, plain, (f(f(f(X1,X1),X1),f(X1,X4))=f(f(f(X1,X1),X1),f(f(X1,X1),X1))),inference(spm,[status(thm)],[c_0_70,c_0_14])).
cnf(c_0_100, plain, (f(f(f(X1,X2),X1),f(X1,X4))=f(f(f(X1,X2),X1),f(f(X1,X2),X1))),inference(spm,[status(thm)],[c_0_70,c_0_5])).
cnf(c_0_101, plain, (f(f(X1,X1),f(f(f(X1,X1),X1),X3))=f(f(X1,X1),f(X1,X1))),inference(spm,[status(thm)],[c_0_70,c_0_31])).
cnf(c_0_102, plain, (f(f(f(X1,f(f(X2,X3),X2)),X1),f(X1,X4))=f(f(f(X1,f(f(X2,X3),X2)),X1),f(f(X1,f(f(X2,X3),X2)),X1))),inference(spm,[status(thm)],[c_0_70,c_0_12])).
cnf(c_0_103, plain, (f(f(f(X1,X1),X1),f(X1,X2))=f(f(f(X1,X1),X1),f(f(X1,X1),X1))),inference(spm,[status(thm)],[c_0_70,c_0_30])).
cnf(c_0_104, plain, (f(X1,f(f(X1,X1),X3))=f(X1,X1)),inference(spm,[status(thm)],[c_0_70,c_0_13])).
cnf(c_0_105, plain, (f(X1,f(f(X1,X2),f(X1,X2)))=f(X1,X1)),inference(spm,[status(thm)],[c_0_70,c_0_13])).
cnf(c_0_106, plain, (f(f(X1,X1),X1)=f(f(X1,X1),f(X1,X1))),inference(spm,[status(thm)],[c_0_70,c_0_14])).
cnf(c_0_107, plain, (f(f(X1,X2),X1)=f(f(X1,X2),f(X1,X2))),inference(spm,[status(thm)],[c_0_70,c_0_5])).
cnf(c_0_108, plain, (f(X1,f(f(X1,X1),X1))=f(X1,X1)),inference(spm,[status(thm)],[c_0_70,c_0_31])).
cnf(c_0_109, plain, (f(f(X1,f(f(X2,X3),X2)),X1)=f(f(X1,f(f(X2,X3),X2)),f(X1,f(f(X2,X3),X2)))),inference(spm,[status(thm)],[c_0_70,c_0_12])).
cnf(c_0_110, plain, (f(f(X1,X1),X1)=f(f(X1,X1),f(X1,X1))),inference(spm,[status(thm)],[c_0_70,c_0_30])).
cnf(c_0_111, plain, (f(f(f(f(X1,X2),X1),f(X1,X2)),f(f(X1,X2),X3))=f(X1,X2)),inference(spm,[status(thm)],[c_0_5,c_0_80])).
cnf(c_0_112, plain, (f(f(X1,X2),f(f(X1,X2),X1))=f(f(X1,X2),f(X1,X2))),inference(spm,[status(thm)],[c_0_13,c_0_80])).
cnf(c_0_113, plain, (f(f(f(f(X1,X2),f(X1,X2)),f(X1,X2)),f(f(f(X1,X2),X1),X3))=f(X1,X2)),inference(spm,[status(thm)],[c_0_14,c_0_80])).
cnf(c_0_114, plain, (f(f(f(X1,X2),f(X1,X2)),f(f(X1,X2),X1))=f(f(f(X1,X2),f(X1,X2)),f(X1,X2))),inference(spm,[status(thm)],[c_0_31,c_0_80])).
cnf(c_0_115, plain, (f(f(X1,X2),f(f(f(X1,X2),X1),X3))=f(f(X1,X2),f(X1,X2))),inference(spm,[status(thm)],[c_0_70,c_0_80])).
cnf(c_0_116, plain, (f(f(f(X1,X2),X1),f(f(X1,X2),X1))=f(f(f(X1,X2),X1),f(X1,X2))),inference(spm,[status(thm)],[c_0_80,c_0_80])).
cnf(c_0_117, plain, (f(f(f(X1,f(X2,X3)),X1),f(f(X2,X3),X2))=X1),inference(spm,[status(thm)],[c_0_5,c_0_80])).
cnf(c_0_118, plain, (f(f(f(X1,f(f(f(X2,X3),X2),f(X2,X3))),X1),f(X2,X3))=X1),inference(spm,[status(thm)],[c_0_12,c_0_80])).
cnf(c_0_119, plain, (f(f(f(f(X1,X2),X1),f(X1,X2)),f(f(f(X1,X2),X3),X4))=f(X1,X2)),inference(spm,[status(thm)],[c_0_14,c_0_80])).
cnf(c_0_120, plain, (f(f(f(X1,X2),X1),f(f(X1,X2),X3))=f(f(f(X1,X2),X1),f(X1,X2))),inference(spm,[status(thm)],[c_0_31,c_0_80])).
cnf(c_0_121, plain, (f(f(f(f(X1,X2),X1),f(X1,X2)),f(X1,X2))=f(X1,X2)),inference(spm,[status(thm)],[c_0_30,c_0_80])).
cnf(c_0_122, plain, (f(f(f(f(f(X1,X2),X1),f(X1,X2)),f(f(X1,X2),X1)),X1)=f(f(X1,X2),X1)),inference(spm,[status(thm)],[c_0_12,c_0_80])).
cnf(c_0_123, plain, (f(f(f(X1,X1),X1),f(f(X1,X2),X1))=X1),inference(spm,[status(thm)],[c_0_14,c_0_80])).
cnf(c_0_124, plain, (f(X1,f(f(X1,X2),X1))=f(X1,X1)),inference(spm,[status(thm)],[c_0_70,c_0_80])).
cnf(c_0_125, plain, (f(f(f(X1,X1),X1),f(X1,X1))=X1),inference(spm,[status(thm)],[c_0_14,c_0_80])).
cnf(c_0_126, plain, (f(X1,X1)=f(X1,f(f(X1,X1),X1))),inference(spm,[status(thm)],[c_0_80,c_0_14])).
cnf(c_0_127, plain, (f(X1,X1)=f(X1,f(f(X1,X2),X1))),inference(spm,[status(thm)],[c_0_80,c_0_5])).
cnf(c_0_128, plain, (f(f(f(X1,X1),X1),f(f(X1,X1),X1))=f(f(f(X1,X1),X1),f(X1,X1))),inference(spm,[status(thm)],[c_0_80,c_0_31])).
cnf(c_0_129, plain, (f(X1,X1)=f(X1,f(f(X1,f(f(X2,X3),X2)),X1))),inference(spm,[status(thm)],[c_0_80,c_0_12])).
cnf(c_0_130, plain, (f(X1,X1)=f(X1,f(f(X1,X1),X1))),inference(spm,[status(thm)],[c_0_80,c_0_30])).
cnf(c_0_131, plain, (f(f(X1,X1),f(X1,X1))=f(f(X1,X1),X1)),inference(spm,[status(thm)],[c_0_80,c_0_70])).
cnf(c_0_132, plain, (f(f(X1,X1),f(X1,X1))=f(f(X1,X1),X1)),inference(spm,[status(thm)],[c_0_80,c_0_13])).
cnf(c_0_133, plain, (f(X1,X1)=f(X1,f(f(X1,X1),X1))),inference(spm,[status(thm)],[c_0_80,c_0_14])).
cnf(c_0_134, plain, (f(X1,X1)=f(X1,f(f(X1,X2),X1))),inference(spm,[status(thm)],[c_0_80,c_0_5])).
cnf(c_0_135, plain, (f(f(f(X1,X1),X1),f(f(X1,X1),X1))=f(f(f(X1,X1),X1),f(X1,X1))),inference(spm,[status(thm)],[c_0_80,c_0_31])).
cnf(c_0_136, plain, (f(X1,X1)=f(X1,f(f(X1,f(f(X2,X3),X2)),X1))),inference(spm,[status(thm)],[c_0_80,c_0_12])).
cnf(c_0_137, plain, (f(X1,X1)=f(X1,f(f(X1,X1),X1))),inference(spm,[status(thm)],[c_0_80,c_0_30])).
cnf(c_0_138, plain, (f(f(X1,X1),f(X1,X1))=f(f(X1,X1),X1)),inference(spm,[status(thm)],[c_0_80,c_0_70])).
cnf(c_0_139, plain, (f(f(X1,X1),f(X1,X1))=f(f(X1,X1),X1)),inference(spm,[status(thm)],[c_0_80,c_0_13])).
cnf(c_0_140, plain, (f(X1,f(f(f(X1,X1),X1),f(f(X1,X1),X1)))=f(X1,X1)),inference(spm,[status(thm)],[c_0_72,c_0_72])).
cnf(c_0_141, plain, (f(f(f(X1,X1),X1),f(f(X1,X2),f(X1,X2)))=X1),inference(spm,[status(thm)],[c_0_14,c_0_72])).
cnf(c_0_142, plain, (f(X1,f(f(X1,X2),f(X1,X2)))=f(X1,X1)),inference(spm,[status(thm)],[c_0_70,c_0_72])).
cnf(c_0_143, plain, (f(f(f(X1,X1),X1),f(f(f(f(X1,X1),X1),X2),X3))=X1),inference(spm,[status(thm)],[c_0_5,c_0_72])).
cnf(c_0_144, plain, (f(X1,f(X1,X1))=f(X1,X1)),inference(spm,[status(thm)],[c_0_13,c_0_72])).
cnf(c_0_145, plain, (f(f(f(X1,X1),X1),f(f(X1,X1),X3))=X1),inference(spm,[status(thm)],[c_0_14,c_0_72])).
cnf(c_0_146, plain, (f(f(X1,X1),f(X1,X1))=f(f(X1,X1),X1)),inference(spm,[status(thm)],[c_0_31,c_0_72])).
cnf(c_0_147, plain, (f(X1,f(f(X1,X1),X3))=f(X1,X1)),inference(spm,[status(thm)],[c_0_70,c_0_72])).
cnf(c_0_148, plain, (f(f(X1,X1),f(X1,X1))=f(f(X1,X1),X1)),inference(spm,[status(thm)],[c_0_80,c_0_72])).
cnf(c_0_149, plain, (f(f(f(X1,X2),X1),f(X2,X2))=X1),inference(spm,[status(thm)],[c_0_5,c_0_72])).
cnf(c_0_150, plain, (f(f(f(X1,f(f(X2,X2),X2)),X1),X2)=X1),inference(spm,[status(thm)],[c_0_12,c_0_72])).
cnf(c_0_151, plain, (f(f(f(X1,X1),X1),f(X1,X1))=X1),inference(spm,[status(thm)],[c_0_12,c_0_72])).
cnf(c_0_152, plain, (f(f(f(X1,X1),X1),f(f(X1,f(f(X1,X1),X1)),X2))=X1),inference(spm,[status(thm)],[c_0_72,c_0_14])).
cnf(c_0_153, plain, (f(f(X1,X2),f(f(f(f(X1,X2),X1),f(X1,X2)),X3))=f(f(X1,X2),X1)),inference(spm,[status(thm)],[c_0_72,c_0_80])).
cnf(c_0_154, plain, (f(f(X1,X1),f(f(f(f(X1,X1),X1),f(X1,X1)),X2))=f(f(X1,X1),X1)),inference(spm,[status(thm)],[c_0_72,c_0_31])).
cnf(c_0_155, plain, (f(X1,f(f(f(X1,X1),X1),f(f(X1,X1),X1)))=f(X1,X1)),inference(spm,[status(thm)],[c_0_72,c_0_70])).
cnf(c_0_156, plain, (f(X1,f(f(f(X1,X1),X1),f(f(X1,X1),X1)))=f(X1,X1)),inference(spm,[status(thm)],[c_0_72,c_0_13])).
cnf(c_0_157, plain, (f(X1,f(f(f(X1,X1),X1),f(X1,X1)))=f(X1,X1)),inference(spm,[status(thm)],[c_0_72,c_0_80])).
cnf(c_0_158, plain, (f(X1,f(f(f(X1,X1),X2),f(f(X1,X1),X2)))=f(X1,X1)),inference(spm,[status(thm)],[c_0_76,c_0_76])).
cnf(c_0_159, plain, (f(f(f(X1,X1),X1),f(f(X1,X2),f(X1,X2)))=X1),inference(spm,[status(thm)],[c_0_14,c_0_76])).
cnf(c_0_160, plain, (f(X1,f(f(X1,X2),f(X1,X2)))=f(X1,X1)),inference(spm,[status(thm)],[c_0_70,c_0_76])).
cnf(c_0_161, plain, (f(X1,f(f(f(X1,X1),f(X1,X1)),X4))=f(X1,X1)),inference(spm,[status(thm)],[c_0_76,c_0_76])).
cnf(c_0_162, plain, (f(f(f(X1,X1),X1),f(f(f(f(X1,X1),X2),X3),X4))=X1),inference(spm,[status(thm)],[c_0_5,c_0_76])).
cnf(c_0_163, plain, (f(X1,f(X1,X1))=f(X1,X1)),inference(spm,[status(thm)],[c_0_13,c_0_76])).
cnf(c_0_164, plain, (f(f(f(X1,X1),X1),f(f(X1,X1),X4))=X1),inference(spm,[status(thm)],[c_0_14,c_0_76])).
cnf(c_0_165, plain, (f(f(X1,X1),f(X1,X1))=f(f(X1,X1),X1)),inference(spm,[status(thm)],[c_0_31,c_0_76])).
cnf(c_0_166, plain, (f(X1,f(f(X1,X1),X4))=f(X1,X1)),inference(spm,[status(thm)],[c_0_70,c_0_76])).
cnf(c_0_167, plain, (f(f(X1,X1),f(X1,X1))=f(f(X1,X1),X1)),inference(spm,[status(thm)],[c_0_80,c_0_76])).
cnf(c_0_168, plain, (f(f(f(X1,X2),X1),f(X2,X2))=X1),inference(spm,[status(thm)],[c_0_5,c_0_76])).
cnf(c_0_169, plain, (f(f(f(X1,f(f(X2,X2),X2)),X1),X2)=X1),inference(spm,[status(thm)],[c_0_12,c_0_76])).
cnf(c_0_170, plain, (f(f(f(X1,X1),X1),f(X1,X1))=X1),inference(spm,[status(thm)],[c_0_12,c_0_76])).
cnf(c_0_171, plain, (f(f(f(X1,X1),X1),f(f(X1,X2),X3))=X1),inference(spm,[status(thm)],[c_0_76,c_0_14])).
cnf(c_0_172, plain, (f(f(X1,X2),f(f(f(f(X1,X2),X1),X3),X4))=f(f(X1,X2),X1)),inference(spm,[status(thm)],[c_0_76,c_0_80])).
cnf(c_0_173, plain, (f(f(X1,X1),f(f(f(f(X1,X1),X1),X2),X3))=f(f(X1,X1),X1)),inference(spm,[status(thm)],[c_0_76,c_0_31])).
cnf(c_0_174, plain, (f(X1,f(f(f(X1,X1),f(X1,X1)),X4))=f(X1,X1)),inference(spm,[status(thm)],[c_0_76,c_0_70])).
cnf(c_0_175, plain, (f(X1,f(f(f(X1,X1),f(X1,X1)),X3))=f(X1,X1)),inference(spm,[status(thm)],[c_0_76,c_0_13])).
cnf(c_0_176, plain, (f(X1,f(f(f(X1,X1),X1),X2))=f(X1,X1)),inference(spm,[status(thm)],[c_0_76,c_0_80])).
cnf(c_0_177, plain, (f(X1,f(f(f(X1,X1),X1),X3))=f(X1,X1)),inference(spm,[status(thm)],[c_0_76,c_0_31])).
cnf(c_0_178, plain, (f(X1,f(f(f(X1,X1),X2),f(f(X1,X1),X2)))=f(X1,X1)),inference(spm,[status(thm)],[c_0_76,c_0_70])).
cnf(c_0_179, plain, (f(X1,f(f(f(X1,X1),X2),f(f(X1,X1),X2)))=f(X1,X1)),inference(spm,[status(thm)],[c_0_76,c_0_13])).
cnf(c_0_180, plain, (f(X1,f(f(f(X1,X1),X2),f(X1,X1)))=f(X1,X1)),inference(spm,[status(thm)],[c_0_76,c_0_80])).
cnf(c_0_181, plain, (f(X1,f(f(f(X1,X1),f(X1,X1)),f(X1,X1)))=f(X1,X1)),inference(spm,[status(thm)],[c_0_76,c_0_31])).
cnf(c_0_182, plain, (f(f(X1,f(f(X1,X1),X1)),f(f(f(f(X1,X2),X3),X4),X5))=f(f(X1,X1),X1)),inference(spm,[status(thm)],[c_0_5,c_0_91])).
cnf(c_0_183, plain, (f(f(f(X1,X1),X1),X1)=f(f(f(X1,X1),X1),f(f(X1,X1),X1))),inference(spm,[status(thm)],[c_0_13,c_0_91])).
cnf(c_0_184, plain, (f(f(f(f(f(X1,X1),X1),f(f(X1,X1),X1)),f(f(X1,X1),X1)),f(X1,X5))=f(f(X1,X1),X1)),inference(spm,[status(thm)],[c_0_14,c_0_91])).
cnf(c_0_185, plain, (f(f(f(f(X1,X1),X1),f(f(X1,X1),X1)),X1)=f(f(f(f(X1,X1),X1),f(f(X1,X1),X1)),f(f(X1,X1),X1))),inference(spm,[status(thm)],[c_0_31,c_0_91])).
cnf(c_0_186, plain, (f(f(f(X1,X1),X1),f(X1,X5))=f(f(f(X1,X1),X1),f(f(X1,X1),X1))),inference(spm,[status(thm)],[c_0_70,c_0_91])).
cnf(c_0_187, plain, (f(X1,X1)=f(X1,f(f(X1,X1),X1))),inference(spm,[status(thm)],[c_0_80,c_0_91])).
cnf(c_0_188, plain, (f(f(f(f(f(X1,X1),X1),f(f(X1,X1),X1)),f(f(X1,X1),X1)),f(f(X1,X5),X6))=f(f(X1,X1),X1)),inference(spm,[status(thm)],[c_0_91,c_0_91])).
cnf(c_0_189, plain, (f(f(f(X1,f(f(X2,X2),X2)),X1),X2)=X1),inference(spm,[status(thm)],[c_0_5,c_0_91])).
cnf(c_0_190, plain, (f(f(f(X1,f(X2,f(f(X2,X2),X2))),X1),f(f(X2,X2),X2))=X1),inference(spm,[status(thm)],[c_0_12,c_0_91])).
cnf(c_0_191, plain, (X1=f(f(f(X1,X1),X1),f(f(X1,X1),X1))),inference(spm,[status(thm)],[c_0_13,c_0_91])).
cnf(c_0_192, plain, (f(f(X1,f(f(X1,X1),X1)),f(X1,X2))=f(f(X1,X1),X1)),inference(spm,[status(thm)],[c_0_12,c_0_91])).
cnf(c_0_193, plain, (f(f(f(f(X1,X1),f(X1,X1)),f(X1,X1)),X1)=f(X1,X1)),inference(spm,[status(thm)],[c_0_14,c_0_91])).
cnf(c_0_194, plain, (f(f(X1,X1),X1)=f(f(X1,X1),f(X1,X1))),inference(spm,[status(thm)],[c_0_70,c_0_91])).
cnf(c_0_195, plain, (f(f(f(f(X1,X1),f(X1,X1)),f(X1,X1)),f(X1,X5))=f(X1,X1)),inference(spm,[status(thm)],[c_0_91,c_0_91])).
cnf(c_0_196, plain, (f(f(f(X1,X1),X1),X1)=X1),inference(spm,[status(thm)],[c_0_91,c_0_91])).
cnf(c_0_197, plain, (f(f(f(f(f(X1,X1),X1),f(f(X1,X1),X1)),f(f(X1,X1),X1)),f(f(X1,X4),X5))=f(f(X1,X1),X1)),inference(spm,[status(thm)],[c_0_91,c_0_14])).
cnf(c_0_198, plain, (f(f(f(f(f(X1,X2),X1),f(f(X1,X2),X1)),f(f(X1,X2),X1)),f(f(X1,X4),X5))=f(f(X1,X2),X1)),inference(spm,[status(thm)],[c_0_91,c_0_5])).
cnf(c_0_199, plain, (f(f(f(f(X1,X2),f(X1,X2)),f(X1,X2)),f(f(f(f(X1,X2),X1),X3),X4))=f(X1,X2)),inference(spm,[status(thm)],[c_0_91,c_0_80])).
cnf(c_0_200, plain, (f(f(f(f(X1,X1),f(X1,X1)),f(X1,X1)),f(f(f(f(X1,X1),X1),X3),X4))=f(X1,X1)),inference(spm,[status(thm)],[c_0_91,c_0_31])).
cnf(c_0_201, plain, (f(f(f(f(f(X1,f(f(X2,X3),X2)),X1),f(f(X1,f(f(X2,X3),X2)),X1)),f(f(X1,f(f(X2,X3),X2)),X1)),f(f(X1,X4),X5))=f(f(X1,f(f(X2,X3),X2)),X1)),inference(spm,[status(thm)],[c_0_91,c_0_12])).
cnf(c_0_202, plain, (f(f(f(f(f(X1,X1),X1),f(f(X1,X1),X1)),f(f(X1,X1),X1)),f(f(X1,X2),X3))=f(f(X1,X1),X1)),inference(spm,[status(thm)],[c_0_91,c_0_30])).
cnf(c_0_203, plain, (f(f(f(X1,X1),X1),f(f(f(X1,X1),X4),X5))=X1),inference(spm,[status(thm)],[c_0_91,c_0_70])).
cnf(c_0_204, plain, (f(f(f(X1,X1),X1),f(f(f(X1,X1),X4),X5))=X1),inference(spm,[status(thm)],[c_0_91,c_0_76])).
cnf(c_0_205, plain, (f(f(f(X1,X1),X1),f(f(f(X1,X1),X3),X4))=X1),inference(spm,[status(thm)],[c_0_91,c_0_13])).
cnf(c_0_206, plain, (f(f(f(X1,X1),X1),f(f(f(X1,X2),f(X1,X2)),X5))=X1),inference(spm,[status(thm)],[c_0_91,c_0_70])).
cnf(c_0_207, plain, (f(f(f(X1,X1),X1),f(f(f(X1,X2),f(X1,X2)),X5))=X1),inference(spm,[status(thm)],[c_0_91,c_0_76])).
cnf(c_0_208, plain, (f(f(f(X1,X1),X1),f(f(f(X1,X2),f(X1,X2)),X4))=X1),inference(spm,[status(thm)],[c_0_91,c_0_13])).
cnf(c_0_209, plain, (f(f(f(f(X1,X1),f(X1,X1)),f(X1,X1)),f(X1,X4))=f(X1,X1)),inference(spm,[status(thm)],[c_0_91,c_0_14])).
cnf(c_0_210, plain, (f(f(f(f(X1,X2),f(X1,X2)),f(X1,X2)),f(X1,X4))=f(X1,X2)),inference(spm,[status(thm)],[c_0_91,c_0_5])).
cnf(c_0_211, plain, (f(f(f(X1,X1),X1),f(f(f(X1,X2),X1),X3))=X1),inference(spm,[status(thm)],[c_0_91,c_0_80])).
cnf(c_0_212, plain, (f(f(f(X1,X1),X1),f(f(f(X1,X1),X1),X3))=X1),inference(spm,[status(thm)],[c_0_91,c_0_31])).
cnf(c_0_213, plain, (f(f(f(f(X1,f(f(X2,X3),X2)),f(X1,f(f(X2,X3),X2))),f(X1,f(f(X2,X3),X2))),f(X1,X4))=f(X1,f(f(X2,X3),X2))),inference(spm,[status(thm)],[c_0_91,c_0_12])).
cnf(c_0_214, plain, (f(f(f(f(X1,X1),f(X1,X1)),f(X1,X1)),f(X1,X2))=f(X1,X1)),inference(spm,[status(thm)],[c_0_91,c_0_30])).
cnf(c_0_215, plain, (f(f(f(X1,X1),X1),f(f(f(X1,X2),X3),f(f(X1,X2),X3)))=X1),inference(spm,[status(thm)],[c_0_91,c_0_70])).
cnf(c_0_216, plain, (f(f(f(X1,X1),X1),f(f(f(X1,X2),X3),f(f(X1,X2),X3)))=X1),inference(spm,[status(thm)],[c_0_91,c_0_76])).
cnf(c_0_217, plain, (f(f(f(X1,X1),X1),f(f(f(X1,X2),X3),f(f(X1,X2),X3)))=X1),inference(spm,[status(thm)],[c_0_91,c_0_13])).
cnf(c_0_218, plain, (f(f(f(X1,X1),X1),f(f(f(X1,X2),X3),f(X1,X2)))=X1),inference(spm,[status(thm)],[c_0_91,c_0_80])).
cnf(c_0_219, plain, (f(f(f(X1,X1),X1),f(f(f(X1,X2),f(X1,X2)),f(X1,X2)))=X1),inference(spm,[status(thm)],[c_0_91,c_0_31])).
cnf(c_0_220, plain, (f(f(f(X1,X1),X1),X1)=X1),inference(spm,[status(thm)],[c_0_91,c_0_14])).
cnf(c_0_221, plain, (f(f(f(X1,X1),X1),X1)=X1),inference(spm,[status(thm)],[c_0_91,c_0_5])).
cnf(c_0_222, plain, (f(f(f(X1,X1),X1),X1)=X1),inference(spm,[status(thm)],[c_0_91,c_0_12])).
cnf(c_0_223, plain, (f(f(f(X1,X1),X1),X1)=X1),inference(spm,[status(thm)],[c_0_91,c_0_30])).
cnf(c_0_224, plain, (f(f(X1,f(f(X1,X1),X1)),f(f(f(f(f(X1,X1),X1),X2),X3),X4))=f(f(X1,X1),X1)),inference(spm,[status(thm)],[c_0_91,c_0_14])).
cnf(c_0_225, plain, (f(f(f(f(X1,X2),X1),f(X1,X2)),f(f(f(f(X1,X2),X3),X4),X5))=f(X1,X2)),inference(spm,[status(thm)],[c_0_91,c_0_80])).
cnf(c_0_226, plain, (f(f(f(f(X1,X1),X1),f(X1,X1)),f(f(f(f(X1,X1),X2),X3),X4))=f(X1,X1)),inference(spm,[status(thm)],[c_0_91,c_0_31])).
cnf(c_0_227, plain, (f(f(f(f(X1,X1),X1),f(X1,X1)),f(f(f(X1,X2),X3),X4))=f(X1,X1)),inference(spm,[status(thm)],[c_0_5,c_0_188])).
cnf(c_0_228, plain, (f(f(X1,X1),f(f(X1,X1),X1))=f(f(X1,X1),f(X1,X1))),inference(spm,[status(thm)],[c_0_13,c_0_188])).
cnf(c_0_229, plain, (f(f(f(f(X1,X1),f(X1,X1)),f(X1,X1)),f(f(f(X1,X1),X1),X4))=f(X1,X1)),inference(spm,[status(thm)],[c_0_14,c_0_188])).
cnf(c_0_230, plain, (f(f(f(X1,X1),f(X1,X1)),f(f(X1,X1),X1))=f(f(f(X1,X1),f(X1,X1)),f(X1,X1))),inference(spm,[status(thm)],[c_0_31,c_0_188])).
cnf(c_0_231, plain, (f(f(f(X1,X1),f(X1,X1)),f(f(f(X1,X1),X1),X4))=f(f(f(X1,X1),f(X1,X1)),f(X1,X1))),inference(spm,[status(thm)],[c_0_188,c_0_188])).
cnf(c_0_232, plain, (f(f(X1,X1),f(f(f(X1,X1),X1),X4))=f(f(X1,X1),f(X1,X1))),inference(spm,[status(thm)],[c_0_70,c_0_188])).
cnf(c_0_233, plain, (f(f(f(X1,X1),X1),f(f(X1,X1),X1))=f(f(f(X1,X1),X1),f(X1,X1))),inference(spm,[status(thm)],[c_0_80,c_0_188])).
cnf(c_0_234, plain, (f(f(f(f(X1,X1),f(X1,X1)),f(X1,X1)),f(f(f(f(X1,X1),X1),X4),X5))=f(X1,X1)),inference(spm,[status(thm)],[c_0_91,c_0_188])).
cnf(c_0_235, plain, (f(f(f(X1,f(X2,X2)),X1),f(f(X2,X2),X2))=X1),inference(spm,[status(thm)],[c_0_5,c_0_188])).
cnf(c_0_236, plain, (f(f(f(X1,f(f(f(X2,X2),X2),f(X2,X2))),X1),f(X2,X2))=X1),inference(spm,[status(thm)],[c_0_12,c_0_188])).
cnf(c_0_237, plain, (f(f(X1,X1),X1)=f(f(X1,X1),f(X1,X1))),inference(spm,[status(thm)],[c_0_13,c_0_188])).
cnf(c_0_238, plain, (f(f(f(f(X1,X1),X1),f(X1,X1)),X1)=f(X1,X1)),inference(spm,[status(thm)],[c_0_12,c_0_188])).
cnf(c_0_239, plain, (f(f(f(X1,X1),X1),f(f(f(X1,X2),f(X1,X2)),f(X1,X2)))=X1),inference(spm,[status(thm)],[c_0_91,c_0_188])).
cnf(c_0_240, plain, (f(X1,f(f(f(X1,X1),f(X1,X1)),f(X1,X1)))=f(X1,X1)),inference(spm,[status(thm)],[c_0_76,c_0_188])).
cnf(c_0_241, plain, (f(f(f(X1,X1),X1),f(f(X1,X1),X1))=X1),inference(spm,[status(thm)],[c_0_14,c_0_188])).
cnf(c_0_242, plain, (f(f(X1,X1),f(f(X1,X1),X1))=f(f(X1,X1),X1)),inference(spm,[status(thm)],[c_0_188,c_0_188])).
cnf(c_0_243, plain, (f(X1,f(f(X1,X1),X1))=f(X1,X1)),inference(spm,[status(thm)],[c_0_70,c_0_188])).
cnf(c_0_244, plain, (f(f(f(X1,X1),X1),f(f(f(X1,X1),X1),X4))=X1),inference(spm,[status(thm)],[c_0_91,c_0_188])).
cnf(c_0_245, plain, (f(X1,f(f(f(X1,X1),X1),X4))=f(X1,X1)),inference(spm,[status(thm)],[c_0_76,c_0_188])).
cnf(c_0_246, plain, (f(f(f(f(X1,X1),X1),f(f(X1,X1),X1)),f(X1,X4))=f(f(f(f(X1,X1),X1),f(f(X1,X1),X1)),f(f(X1,X1),X1))),inference(spm,[status(thm)],[c_0_188,c_0_14])).
cnf(c_0_247, plain, (f(f(f(f(X1,X1),X1),f(f(X1,X1),X1)),f(X1,X5))=f(f(f(f(X1,X1),X1),f(f(X1,X1),X1)),f(f(X1,X1),X1))),inference(spm,[status(thm)],[c_0_188,c_0_91])).
cnf(c_0_248, plain, (f(f(f(f(X1,X2),X1),f(f(X1,X2),X1)),f(X1,X4))=f(f(f(f(X1,X2),X1),f(f(X1,X2),X1)),f(f(X1,X2),X1))),inference(spm,[status(thm)],[c_0_188,c_0_5])).
cnf(c_0_249, plain, (f(f(f(X1,X2),f(X1,X2)),f(f(f(X1,X2),X1),X3))=f(f(f(X1,X2),f(X1,X2)),f(X1,X2))),inference(spm,[status(thm)],[c_0_188,c_0_80])).
cnf(c_0_250, plain, (f(f(f(X1,X1),f(X1,X1)),f(f(f(X1,X1),X1),X3))=f(f(f(X1,X1),f(X1,X1)),f(X1,X1))),inference(spm,[status(thm)],[c_0_188,c_0_31])).
cnf(c_0_251, plain, (f(f(f(f(X1,f(f(X2,X3),X2)),X1),f(f(X1,f(f(X2,X3),X2)),X1)),f(X1,X4))=f(f(f(f(X1,f(f(X2,X3),X2)),X1),f(f(X1,f(f(X2,X3),X2)),X1)),f(f(X1,f(f(X2,X3),X2)),X1))),inference(spm,[status(thm)],[c_0_188,c_0_12])).
cnf(c_0_252, plain, (f(f(f(f(X1,X1),X1),f(f(X1,X1),X1)),f(X1,X2))=f(f(f(f(X1,X1),X1),f(f(X1,X1),X1)),f(f(X1,X1),X1))),inference(spm,[status(thm)],[c_0_188,c_0_30])).
cnf(c_0_253, plain, (f(f(X1,X1),f(f(X1,X1),X4))=f(f(X1,X1),X1)),inference(spm,[status(thm)],[c_0_188,c_0_70])).
cnf(c_0_254, plain, (f(f(X1,X1),f(f(X1,X1),X4))=f(f(X1,X1),X1)),inference(spm,[status(thm)],[c_0_188,c_0_76])).
cnf(c_0_255, plain, (f(f(X1,X1),f(f(X1,X1),X3))=f(f(X1,X1),X1)),inference(spm,[status(thm)],[c_0_188,c_0_13])).
cnf(c_0_256, plain, (f(f(X1,X1),f(f(X1,X2),f(X1,X2)))=f(f(X1,X1),X1)),inference(spm,[status(thm)],[c_0_188,c_0_70])).
cnf(c_0_257, plain, (f(f(X1,X1),f(f(X1,X2),f(X1,X2)))=f(f(X1,X1),X1)),inference(spm,[status(thm)],[c_0_188,c_0_76])).
cnf(c_0_258, plain, (f(f(X1,X1),f(f(X1,X2),f(X1,X2)))=f(f(X1,X1),X1)),inference(spm,[status(thm)],[c_0_188,c_0_13])).
cnf(c_0_259, plain, (f(f(f(X1,X1),f(X1,X1)),X1)=f(f(f(X1,X1),f(X1,X1)),f(X1,X1))),inference(spm,[status(thm)],[c_0_188,c_0_14])).
cnf(c_0_260, plain, (f(f(f(X1,X1),f(X1,X1)),X1)=f(f(f(X1,X1),f(X1,X1)),f(X1,X1))),inference(spm,[status(thm)],[c_0_188,c_0_91])).
cnf(c_0_261, plain, (f(f(f(X1,X2),f(X1,X2)),X1)=f(f(f(X1,X2),f(X1,X2)),f(X1,X2))),inference(spm,[status(thm)],[c_0_188,c_0_5])).
cnf(c_0_262, plain, (f(f(X1,X1),f(f(X1,X2),X1))=f(f(X1,X1),X1)),inference(spm,[status(thm)],[c_0_188,c_0_80])).
cnf(c_0_263, plain, (f(f(X1,X1),f(f(X1,X1),X1))=f(f(X1,X1),X1)),inference(spm,[status(thm)],[c_0_188,c_0_31])).
cnf(c_0_264, plain, (f(f(f(X1,f(f(X2,X3),X2)),f(X1,f(f(X2,X3),X2))),X1)=f(f(f(X1,f(f(X2,X3),X2)),f(X1,f(f(X2,X3),X2))),f(X1,f(f(X2,X3),X2)))),inference(spm,[status(thm)],[c_0_188,c_0_12])).
cnf(c_0_265, plain, (f(f(f(X1,X1),f(X1,X1)),X1)=f(f(f(X1,X1),f(X1,X1)),f(X1,X1))),inference(spm,[status(thm)],[c_0_188,c_0_30])).
cnf(c_0_266, plain, (f(X1,f(f(f(f(X1,X1),X1),X2),X3))=f(X1,f(f(X1,X1),X1))),inference(spm,[status(thm)],[c_0_188,c_0_14])).
cnf(c_0_267, plain, (f(f(f(X1,X2),X1),f(f(f(X1,X2),X3),X4))=f(f(f(X1,X2),X1),f(X1,X2))),inference(spm,[status(thm)],[c_0_188,c_0_80])).
cnf(c_0_268, plain, (f(f(f(X1,X1),X1),f(f(f(X1,X1),X2),X3))=f(f(f(X1,X1),X1),f(X1,X1))),inference(spm,[status(thm)],[c_0_188,c_0_31])).
cnf(c_0_269, plain, (f(f(f(X1,X1),X1),f(f(f(X1,X2),X3),f(f(X1,X2),X3)))=X1),inference(spm,[status(thm)],[c_0_91,c_0_227])).
cnf(c_0_270, plain, (f(X1,f(f(f(X1,X2),X3),f(f(X1,X2),X3)))=f(X1,X1)),inference(spm,[status(thm)],[c_0_227,c_0_227])).
cnf(c_0_271, plain, (f(f(f(X1,X1),X1),f(f(X1,X2),f(X1,X2)))=X1),inference(spm,[status(thm)],[c_0_14,c_0_227])).
cnf(c_0_272, plain, (f(f(X1,X1),f(f(X1,X2),f(X1,X2)))=f(f(X1,X1),X1)),inference(spm,[status(thm)],[c_0_188,c_0_227])).
cnf(c_0_273, plain, (f(X1,f(f(X1,X2),f(X1,X2)))=f(X1,X1)),inference(spm,[status(thm)],[c_0_70,c_0_227])).
cnf(c_0_274, plain, (f(f(f(X1,X1),X1),f(f(f(X1,X2),f(X1,X2)),X6))=X1),inference(spm,[status(thm)],[c_0_91,c_0_227])).
cnf(c_0_275, plain, (f(X1,f(f(f(X1,X2),f(X1,X2)),X6))=f(X1,X1)),inference(spm,[status(thm)],[c_0_227,c_0_227])).
cnf(c_0_276, plain, (f(f(f(X1,X1),X1),f(f(f(f(X1,X2),X3),X4),X5))=X1),inference(spm,[status(thm)],[c_0_5,c_0_227])).
cnf(c_0_277, plain, (f(X1,f(X1,X1))=f(X1,X1)),inference(spm,[status(thm)],[c_0_13,c_0_227])).
cnf(c_0_278, plain, (f(f(f(X1,X1),X1),f(f(X1,X1),X5))=X1),inference(spm,[status(thm)],[c_0_14,c_0_227])).
cnf(c_0_279, plain, (f(f(X1,X1),f(X1,X1))=f(f(X1,X1),X1)),inference(spm,[status(thm)],[c_0_31,c_0_227])).
cnf(c_0_280, plain, (f(f(X1,X1),f(f(X1,X1),X5))=f(f(X1,X1),X1)),inference(spm,[status(thm)],[c_0_188,c_0_227])).
cnf(c_0_281, plain, (f(X1,f(f(X1,X1),X5))=f(X1,X1)),inference(spm,[status(thm)],[c_0_70,c_0_227])).
cnf(c_0_282, plain, (f(f(X1,X1),f(X1,X1))=f(f(X1,X1),X1)),inference(spm,[status(thm)],[c_0_80,c_0_227])).
cnf(c_0_283, plain, (f(f(f(X1,X1),X1),f(f(f(X1,X1),X5),X6))=X1),inference(spm,[status(thm)],[c_0_91,c_0_227])).
cnf(c_0_284, plain, (f(X1,f(f(f(X1,X1),X5),X6))=f(X1,X1)),inference(spm,[status(thm)],[c_0_227,c_0_227])).
cnf(c_0_285, plain, (f(f(f(X1,X2),X1),f(X2,X2))=X1),inference(spm,[status(thm)],[c_0_5,c_0_227])).
cnf(c_0_286, plain, (f(f(f(X1,f(f(X2,X2),X2)),X1),X2)=X1),inference(spm,[status(thm)],[c_0_12,c_0_227])).
cnf(c_0_287, plain, (f(f(f(X1,X1),X1),f(X1,X2))=X1),inference(spm,[status(thm)],[c_0_12,c_0_227])).
cnf(c_0_288, plain, (f(f(f(X1,X1),X1),f(f(X1,X4),X5))=f(f(f(X1,X1),X1),f(f(X1,X1),X1))),inference(spm,[status(thm)],[c_0_227,c_0_14])).
cnf(c_0_289, plain, (f(f(f(X1,X1),X1),f(f(X1,X5),X6))=f(f(f(X1,X1),X1),f(f(X1,X1),X1))),inference(spm,[status(thm)],[c_0_227,c_0_91])).
cnf(c_0_290, plain, (f(f(f(X1,X2),X1),f(f(X1,X4),X5))=f(f(f(X1,X2),X1),f(f(X1,X2),X1))),inference(spm,[status(thm)],[c_0_227,c_0_5])).
cnf(c_0_291, plain, (f(f(X1,X1),f(f(f(f(X1,X1),X1),X4),X5))=f(f(X1,X1),f(X1,X1))),inference(spm,[status(thm)],[c_0_227,c_0_188])).
cnf(c_0_292, plain, (f(f(X1,X2),f(f(f(f(X1,X2),X1),X3),X4))=f(f(X1,X2),f(X1,X2))),inference(spm,[status(thm)],[c_0_227,c_0_80])).
cnf(c_0_293, plain, (f(f(X1,X1),f(f(f(f(X1,X1),X1),X3),X4))=f(f(X1,X1),f(X1,X1))),inference(spm,[status(thm)],[c_0_227,c_0_31])).
cnf(c_0_294, plain, (f(f(f(X1,f(f(X2,X3),X2)),X1),f(f(X1,X4),X5))=f(f(f(X1,f(f(X2,X3),X2)),X1),f(f(X1,f(f(X2,X3),X2)),X1))),inference(spm,[status(thm)],[c_0_227,c_0_12])).
cnf(c_0_295, plain, (f(f(f(X1,X1),X1),f(f(X1,X2),X3))=f(f(f(X1,X1),X1),f(f(X1,X1),X1))),inference(spm,[status(thm)],[c_0_227,c_0_30])).
cnf(c_0_296, plain, (f(X1,f(f(f(X1,X1),X4),X5))=f(X1,X1)),inference(spm,[status(thm)],[c_0_227,c_0_70])).
cnf(c_0_297, plain, (f(X1,f(f(f(X1,X1),X3),X4))=f(X1,X1)),inference(spm,[status(thm)],[c_0_227,c_0_13])).
cnf(c_0_298, plain, (f(X1,f(f(f(X1,X2),f(X1,X2)),X5))=f(X1,X1)),inference(spm,[status(thm)],[c_0_227,c_0_70])).
cnf(c_0_299, plain, (f(X1,f(f(f(X1,X2),f(X1,X2)),X4))=f(X1,X1)),inference(spm,[status(thm)],[c_0_227,c_0_13])).
cnf(c_0_300, plain, (f(f(X1,X1),f(X1,X4))=f(f(X1,X1),f(X1,X1))),inference(spm,[status(thm)],[c_0_227,c_0_14])).
cnf(c_0_301, plain, (f(f(X1,X1),f(X1,X5))=f(f(X1,X1),f(X1,X1))),inference(spm,[status(thm)],[c_0_227,c_0_91])).
cnf(c_0_302, plain, (f(f(X1,X2),f(X1,X4))=f(f(X1,X2),f(X1,X2))),inference(spm,[status(thm)],[c_0_227,c_0_5])).
cnf(c_0_303, plain, (f(X1,f(f(f(X1,X1),X1),X4))=f(X1,X1)),inference(spm,[status(thm)],[c_0_227,c_0_188])).
cnf(c_0_304, plain, (f(X1,f(f(f(X1,X2),X1),X3))=f(X1,X1)),inference(spm,[status(thm)],[c_0_227,c_0_80])).
cnf(c_0_305, plain, (f(X1,f(f(f(X1,X1),X1),X3))=f(X1,X1)),inference(spm,[status(thm)],[c_0_227,c_0_31])).
cnf(c_0_306, plain, (f(f(X1,f(f(X2,X3),X2)),f(X1,X4))=f(f(X1,f(f(X2,X3),X2)),f(X1,f(f(X2,X3),X2)))),inference(spm,[status(thm)],[c_0_227,c_0_12])).
cnf(c_0_307, plain, (f(f(X1,X1),f(X1,X2))=f(f(X1,X1),f(X1,X1))),inference(spm,[status(thm)],[c_0_227,c_0_30])).
cnf(c_0_308, plain, (f(X1,f(f(f(X1,X2),X3),f(f(X1,X2),X3)))=f(X1,X1)),inference(spm,[status(thm)],[c_0_227,c_0_70])).
cnf(c_0_309, plain, (f(X1,f(f(f(X1,X2),X3),f(f(X1,X2),X3)))=f(X1,X1)),inference(spm,[status(thm)],[c_0_227,c_0_13])).
cnf(c_0_310, plain, (f(X1,f(f(f(X1,X2),f(X1,X2)),f(X1,X2)))=f(X1,X1)),inference(spm,[status(thm)],[c_0_227,c_0_188])).
cnf(c_0_311, plain, (f(X1,f(f(f(X1,X2),X3),f(X1,X2)))=f(X1,X1)),inference(spm,[status(thm)],[c_0_227,c_0_80])).
cnf(c_0_312, plain, (f(X1,f(f(f(X1,X2),f(X1,X2)),f(X1,X2)))=f(X1,X1)),inference(spm,[status(thm)],[c_0_227,c_0_31])).
cnf(c_0_313, plain, (f(f(f(f(X1,X2),X1),f(X1,X2)),f(f(X1,X3),X4))=f(X1,X2)),inference(spm,[status(thm)],[c_0_5,c_0_302])).
cnf(c_0_314, plain, (f(f(X1,X2),f(f(X1,X2),X1))=f(f(X1,X2),f(X1,X2))),inference(spm,[status(thm)],[c_0_13,c_0_302])).
cnf(c_0_315, plain, (f(f(f(f(X1,X2),f(X1,X2)),f(X1,X2)),f(f(f(X1,X2),X1),X4))=f(X1,X2)),inference(spm,[status(thm)],[c_0_14,c_0_302])).
cnf(c_0_316, plain, (f(f(f(X1,X2),f(X1,X2)),f(f(f(X1,X2),X1),X4))=f(f(f(X1,X2),f(X1,X2)),f(X1,X2))),inference(spm,[status(thm)],[c_0_188,c_0_302])).
cnf(c_0_317, plain, (f(f(X1,X2),f(f(f(X1,X2),X1),X4))=f(f(X1,X2),f(X1,X2))),inference(spm,[status(thm)],[c_0_70,c_0_302])).
cnf(c_0_318, plain, (f(f(f(f(X1,X2),f(X1,X2)),f(X1,X2)),f(f(f(f(X1,X2),X1),X4),X5))=f(X1,X2)),inference(spm,[status(thm)],[c_0_91,c_0_302])).
cnf(c_0_319, plain, (f(f(X1,X2),f(f(f(f(X1,X2),X1),X4),X5))=f(f(X1,X2),f(X1,X2))),inference(spm,[status(thm)],[c_0_227,c_0_302])).
cnf(c_0_320, plain, (f(f(f(X1,X2),X1),f(f(X1,X2),X4))=f(f(f(X1,X2),X1),f(X1,X2))),inference(spm,[status(thm)],[c_0_302,c_0_302])).
cnf(c_0_321, plain, (f(f(f(X1,f(X2,X3)),X1),f(f(X2,X3),X2))=X1),inference(spm,[status(thm)],[c_0_5,c_0_302])).
cnf(c_0_322, plain, (f(f(f(X1,f(f(f(X2,X3),X2),f(X2,X3))),X1),f(X2,X3))=X1),inference(spm,[status(thm)],[c_0_12,c_0_302])).
cnf(c_0_323, plain, (f(f(f(f(X1,X2),X1),f(X1,X2)),f(f(f(X1,X2),X3),X4))=f(X1,X2)),inference(spm,[status(thm)],[c_0_14,c_0_302])).
cnf(c_0_324, plain, (f(f(f(f(X1,X2),X1),f(X1,X2)),f(X1,X2))=f(X1,X2)),inference(spm,[status(thm)],[c_0_30,c_0_302])).
cnf(c_0_325, plain, (f(f(f(X1,X2),X1),f(f(f(X1,X2),X3),X4))=f(f(f(X1,X2),X1),f(X1,X2))),inference(spm,[status(thm)],[c_0_188,c_0_302])).
cnf(c_0_326, plain, (f(f(f(f(X1,X2),X1),f(X1,X2)),f(f(f(f(X1,X2),X3),X4),X5))=f(X1,X2)),inference(spm,[status(thm)],[c_0_91,c_0_302])).
cnf(c_0_327, plain, (f(f(f(X1,X2),X3),f(f(X1,X2),X1))=f(f(f(X1,X2),X3),f(X1,X2))),inference(spm,[status(thm)],[c_0_302,c_0_302])).
cnf(c_0_328, plain, (f(f(f(f(f(X1,X2),X3),f(X1,X2)),f(f(X1,X2),X3)),X1)=f(f(X1,X2),X3)),inference(spm,[status(thm)],[c_0_12,c_0_302])).
cnf(c_0_329, plain, (f(f(f(X1,X1),X1),f(f(f(X1,X2),X3),f(X1,X2)))=X1),inference(spm,[status(thm)],[c_0_91,c_0_302])).
cnf(c_0_330, plain, (f(X1,f(f(f(X1,X2),X3),f(X1,X2)))=f(X1,X1)),inference(spm,[status(thm)],[c_0_227,c_0_302])).
cnf(c_0_331, plain, (f(f(f(X1,X1),X1),f(f(X1,X2),X1))=X1),inference(spm,[status(thm)],[c_0_14,c_0_302])).
cnf(c_0_332, plain, (f(f(X1,X1),f(f(X1,X2),X1))=f(f(X1,X1),X1)),inference(spm,[status(thm)],[c_0_188,c_0_302])).
cnf(c_0_333, plain, (f(X1,f(f(X1,X2),X1))=f(X1,X1)),inference(spm,[status(thm)],[c_0_70,c_0_302])).
cnf(c_0_334, plain, (f(f(f(X1,X1),X1),f(f(f(X1,X2),X1),X4))=X1),inference(spm,[status(thm)],[c_0_91,c_0_302])).
cnf(c_0_335, plain, (f(X1,f(f(f(X1,X2),X1),X4))=f(X1,X1)),inference(spm,[status(thm)],[c_0_227,c_0_302])).
cnf(c_0_336, plain, (f(f(f(X1,X1),X1),f(X1,X1))=X1),inference(spm,[status(thm)],[c_0_14,c_0_302])).
cnf(c_0_337, plain, (f(f(f(f(X1,X1),X1),X2),X1)=f(f(f(f(X1,X1),X1),X2),f(f(X1,X1),X1))),inference(spm,[status(thm)],[c_0_302,c_0_14])).
cnf(c_0_338, plain, (f(f(f(f(X1,X1),X1),X2),X1)=f(f(f(f(X1,X1),X1),X2),f(f(X1,X1),X1))),inference(spm,[status(thm)],[c_0_302,c_0_91])).
cnf(c_0_339, plain, (f(f(f(f(X1,X2),X1),X3),X1)=f(f(f(f(X1,X2),X1),X3),f(f(X1,X2),X1))),inference(spm,[status(thm)],[c_0_302,c_0_5])).
cnf(c_0_340, plain, (f(f(f(X1,X1),X2),f(f(X1,X1),X1))=f(f(f(X1,X1),X2),f(X1,X1))),inference(spm,[status(thm)],[c_0_302,c_0_188])).
cnf(c_0_341, plain, (f(f(f(f(X1,f(f(X2,X3),X2)),X1),X4),X1)=f(f(f(f(X1,f(f(X2,X3),X2)),X1),X4),f(f(X1,f(f(X2,X3),X2)),X1))),inference(spm,[status(thm)],[c_0_302,c_0_12])).
cnf(c_0_342, plain, (f(f(f(f(X1,X1),X1),X2),X1)=f(f(f(f(X1,X1),X1),X2),f(f(X1,X1),X1))),inference(spm,[status(thm)],[c_0_302,c_0_30])).
cnf(c_0_343, plain, (f(f(X1,X2),f(X1,X1))=f(f(X1,X2),X1)),inference(spm,[status(thm)],[c_0_302,c_0_70])).
cnf(c_0_344, plain, (f(f(X1,X2),f(X1,X1))=f(f(X1,X2),X1)),inference(spm,[status(thm)],[c_0_302,c_0_227])).
cnf(c_0_345, plain, (f(f(X1,X2),f(X1,X1))=f(f(X1,X2),X1)),inference(spm,[status(thm)],[c_0_302,c_0_13])).
cnf(c_0_346, plain, (f(X1,f(f(f(X1,X1),X1),X4))=f(X1,f(f(X1,X1),X1))),inference(spm,[status(thm)],[c_0_302,c_0_14])).
cnf(c_0_347, plain, (f(X1,f(f(f(X1,X1),X1),X5))=f(X1,f(f(X1,X1),X1))),inference(spm,[status(thm)],[c_0_302,c_0_91])).
cnf(c_0_348, plain, (f(X1,f(f(f(X1,X2),X1),X4))=f(X1,f(f(X1,X2),X1))),inference(spm,[status(thm)],[c_0_302,c_0_5])).
cnf(c_0_349, plain, (f(f(f(X1,X1),X1),f(f(X1,X1),X4))=f(f(f(X1,X1),X1),f(X1,X1))),inference(spm,[status(thm)],[c_0_302,c_0_188])).
cnf(c_0_350, plain, (f(X1,f(f(f(X1,f(f(X2,X3),X2)),X1),X4))=f(X1,f(f(X1,f(f(X2,X3),X2)),X1))),inference(spm,[status(thm)],[c_0_302,c_0_12])).
cnf(c_0_351, plain, (f(X1,f(f(f(X1,X1),X1),X2))=f(X1,f(f(X1,X1),X1))),inference(spm,[status(thm)],[c_0_302,c_0_30])).
cnf(c_0_352, plain, (f(f(X1,X1),f(X1,X4))=f(f(X1,X1),X1)),inference(spm,[status(thm)],[c_0_302,c_0_70])).
cnf(c_0_353, plain, (f(f(X1,X1),f(X1,X5))=f(f(X1,X1),X1)),inference(spm,[status(thm)],[c_0_302,c_0_227])).
cnf(c_0_354, plain, (f(f(X1,X1),f(X1,X3))=f(f(X1,X1),X1)),inference(spm,[status(thm)],[c_0_302,c_0_13])).
cnf(c_0_355, plain, (f(f(f(X1,X1),X1),f(f(f(X1,X2),X3),f(f(X1,X2),X3)))=X1),inference(spm,[status(thm)],[c_0_91,c_0_234])).
cnf(c_0_356, plain, (f(X1,f(f(f(X1,X2),X3),f(f(X1,X2),X3)))=f(X1,X1)),inference(spm,[status(thm)],[c_0_227,c_0_234])).
cnf(c_0_357, plain, (f(X1,f(f(f(f(X1,X1),X1),X2),f(f(f(X1,X1),X1),X2)))=f(X1,X1)),inference(spm,[status(thm)],[c_0_234,c_0_234])).
cnf(c_0_358, plain, (f(X1,f(f(f(f(X1,X1),X1),f(f(X1,X1),X1)),X4))=f(X1,X1)),inference(spm,[status(thm)],[c_0_234,c_0_234])).
cnf(c_0_359, plain, (f(f(f(X1,X1),X1),f(f(X1,X2),f(X1,X2)))=X1),inference(spm,[status(thm)],[c_0_14,c_0_234])).
cnf(c_0_360, plain, (f(f(X1,X1),f(f(X1,X2),f(X1,X2)))=f(f(X1,X1),X1)),inference(spm,[status(thm)],[c_0_188,c_0_234])).
cnf(c_0_361, plain, (f(X1,f(f(X1,X2),f(X1,X2)))=f(X1,X1)),inference(spm,[status(thm)],[c_0_70,c_0_234])).
cnf(c_0_362, plain, (f(f(f(X1,X1),X1),f(f(f(X1,X2),f(X1,X2)),X5))=X1),inference(spm,[status(thm)],[c_0_91,c_0_234])).
cnf(c_0_363, plain, (f(X1,f(f(f(X1,X2),f(X1,X2)),X5))=f(X1,X1)),inference(spm,[status(thm)],[c_0_227,c_0_234])).
cnf(c_0_364, plain, (f(f(f(X1,X1),X1),f(f(f(f(f(X1,X1),X1),X2),X3),X4))=X1),inference(spm,[status(thm)],[c_0_5,c_0_234])).
cnf(c_0_365, plain, (f(X1,f(X1,X1))=f(X1,X1)),inference(spm,[status(thm)],[c_0_13,c_0_234])).
cnf(c_0_366, plain, (f(f(f(X1,X1),X1),f(f(X1,X1),X4))=X1),inference(spm,[status(thm)],[c_0_14,c_0_234])).
cnf(c_0_367, plain, (f(f(X1,X1),f(f(X1,X1),X4))=f(f(X1,X1),X1)),inference(spm,[status(thm)],[c_0_188,c_0_234])).
cnf(c_0_368, plain, (f(X1,f(f(X1,X1),X4))=f(X1,X1)),inference(spm,[status(thm)],[c_0_70,c_0_234])).
cnf(c_0_369, plain, (f(f(f(X1,X1),X1),f(f(f(X1,X1),X4),X5))=X1),inference(spm,[status(thm)],[c_0_91,c_0_234])).
cnf(c_0_370, plain, (f(X1,f(f(f(X1,X1),X4),X5))=f(X1,X1)),inference(spm,[status(thm)],[c_0_227,c_0_234])).
cnf(c_0_371, plain, (f(f(X1,X1),f(X1,X4))=f(f(X1,X1),X1)),inference(spm,[status(thm)],[c_0_302,c_0_234])).
cnf(c_0_372, plain, (f(f(f(X1,X2),X1),f(X2,X2))=X1),inference(spm,[status(thm)],[c_0_5,c_0_234])).
cnf(c_0_373, plain, (f(f(f(X1,f(f(X2,X2),X2)),X1),X2)=X1),inference(spm,[status(thm)],[c_0_12,c_0_234])).
cnf(c_0_374, plain, (f(f(X1,X2),f(X1,X1))=f(f(X1,X2),X1)),inference(spm,[status(thm)],[c_0_302,c_0_234])).
cnf(c_0_375, plain, (f(f(f(X1,X1),X1),f(f(X1,X1),X1))=X1),inference(spm,[status(thm)],[c_0_12,c_0_234])).
cnf(c_0_376, plain, (f(f(f(X1,X1),X1),f(f(f(X1,f(f(X1,X1),X1)),X2),X3))=X1),inference(spm,[status(thm)],[c_0_234,c_0_14])).
cnf(c_0_377, plain, (f(f(X1,X2),f(f(f(f(f(X1,X2),X1),f(X1,X2)),X3),X4))=f(f(X1,X2),X1)),inference(spm,[status(thm)],[c_0_234,c_0_302])).
cnf(c_0_378, plain, (f(X1,f(f(f(f(X1,X1),X1),f(f(X1,X1),X1)),X4))=f(X1,X1)),inference(spm,[status(thm)],[c_0_234,c_0_70])).
cnf(c_0_379, plain, (f(X1,f(f(f(f(X1,X1),X1),f(f(X1,X1),X1)),X5))=f(X1,X1)),inference(spm,[status(thm)],[c_0_234,c_0_227])).
cnf(c_0_380, plain, (f(X1,f(f(f(f(X1,X1),X1),f(f(X1,X1),X1)),X3))=f(X1,X1)),inference(spm,[status(thm)],[c_0_234,c_0_13])).
cnf(c_0_381, plain, (f(X1,f(f(f(f(X1,X1),X1),f(X1,X1)),X3))=f(X1,X1)),inference(spm,[status(thm)],[c_0_234,c_0_302])).
cnf(c_0_382, plain, (f(X1,f(X1,X4))=f(X1,X1)),inference(spm,[status(thm)],[c_0_234,c_0_14])).
cnf(c_0_383, plain, (f(X1,f(X1,X5))=f(X1,X1)),inference(spm,[status(thm)],[c_0_234,c_0_91])).
cnf(c_0_384, plain, (f(X1,f(X1,X3))=f(X1,X1)),inference(spm,[status(thm)],[c_0_234,c_0_5])).
cnf(c_0_385, plain, (f(f(f(X1,X2),X1),f(f(f(X1,X2),X1),X3))=f(f(f(X1,X2),X1),f(f(X1,X2),X1))),inference(spm,[status(thm)],[c_0_234,c_0_12])).
cnf(c_0_386, plain, (f(X1,f(X1,X2))=f(X1,X1)),inference(spm,[status(thm)],[c_0_234,c_0_30])).
cnf(c_0_387, plain, (f(X1,f(f(f(f(X1,X1),X1),X2),f(f(f(X1,X1),X1),X2)))=f(X1,X1)),inference(spm,[status(thm)],[c_0_234,c_0_70])).
cnf(c_0_388, plain, (f(X1,f(f(f(f(X1,X1),X1),X2),f(f(f(X1,X1),X1),X2)))=f(X1,X1)),inference(spm,[status(thm)],[c_0_234,c_0_227])).
cnf(c_0_389, plain, (f(X1,f(f(f(f(X1,X1),X1),X2),f(f(f(X1,X1),X1),X2)))=f(X1,X1)),inference(spm,[status(thm)],[c_0_234,c_0_13])).
cnf(c_0_390, plain, (f(X1,f(f(f(f(X1,X1),X1),f(f(X1,X1),X1)),f(f(X1,X1),X1)))=f(X1,X1)),inference(spm,[status(thm)],[c_0_234,c_0_188])).
cnf(c_0_391, plain, (f(X1,f(f(f(f(X1,X1),X1),X2),f(f(X1,X1),X1)))=f(X1,X1)),inference(spm,[status(thm)],[c_0_234,c_0_302])).
cnf(c_0_392, plain, (f(X1,f(X1,X1))=f(X1,X1)),inference(spm,[status(thm)],[c_0_234,c_0_5])).
cnf(c_0_393, plain, (f(f(f(X1,X2),X1),f(f(f(X1,X2),X1),f(f(X1,X2),X1)))=f(f(f(X1,X2),X1),f(f(X1,X2),X1))),inference(spm,[status(thm)],[c_0_234,c_0_12])).
cnf(c_0_394, plain, (f(f(f(f(f(X1,X2),X1),X1),f(f(X1,X2),X1)),f(f(X1,X2),X3))=f(f(X1,X2),X1)),inference(spm,[status(thm)],[c_0_5,c_0_261])).
cnf(c_0_395, plain, (f(f(f(X1,X2),X1),f(f(f(X1,X2),X1),X1))=f(f(f(X1,X2),X1),f(f(X1,X2),X1))),inference(spm,[status(thm)],[c_0_13,c_0_261])).
cnf(c_0_396, plain, (f(f(f(f(f(X1,X2),X1),f(f(X1,X2),X1)),f(f(X1,X2),X1)),f(f(f(f(X1,X2),X1),X1),X3))=f(f(X1,X2),X1)),inference(spm,[status(thm)],[c_0_14,c_0_261])).
cnf(c_0_397, plain, (f(f(f(f(X1,X2),X1),f(f(X1,X2),X1)),f(f(f(f(X1,X2),X1),X1),X3))=f(f(f(f(X1,X2),X1),f(f(X1,X2),X1)),f(f(X1,X2),X1))),inference(spm,[status(thm)],[c_0_188,c_0_261])).
cnf(c_0_398, plain, (f(f(f(X1,X2),X1),f(f(f(f(X1,X2),X1),X1),X3))=f(f(f(X1,X2),X1),f(f(X1,X2),X1))),inference(spm,[status(thm)],[c_0_70,c_0_261])).
cnf(c_0_399, plain, (f(f(f(f(f(X1,X2),X1),f(f(X1,X2),X1)),f(f(X1,X2),X1)),f(f(f(f(f(X1,X2),X1),X1),X3),X4))=f(f(X1,X2),X1)),inference(spm,[status(thm)],[c_0_91,c_0_261])).
cnf(c_0_400, plain, (f(f(f(X1,X2),X1),f(f(f(f(f(X1,X2),X1),X1),X3),X4))=f(f(f(X1,X2),X1),f(f(X1,X2),X1))),inference(spm,[status(thm)],[c_0_227,c_0_261])).
cnf(c_0_401, plain, (f(f(f(f(f(X1,X2),X1),X1),f(f(X1,X2),X1)),f(f(f(X1,X2),X1),X1))=f(f(f(f(f(X1,X2),X1),X1),f(f(X1,X2),X1)),f(f(X1,X2),X1))),inference(spm,[status(thm)],[c_0_261,c_0_261])).
cnf(c_0_402, plain, (f(f(f(f(X1,X2),X1),X1),f(f(f(X1,X2),X1),X3))=f(f(f(f(X1,X2),X1),X1),f(f(X1,X2),X1))),inference(spm,[status(thm)],[c_0_302,c_0_261])).
cnf(c_0_403, plain, (f(f(f(X1,f(f(X2,X3),X2)),X1),f(f(f(X2,X3),X2),X2))=X1),inference(spm,[status(thm)],[c_0_5,c_0_261])).
cnf(c_0_404, plain, (f(f(f(X1,f(f(f(f(X2,X3),X2),X2),f(f(X2,X3),X2))),X1),f(f(X2,X3),X2))=X1),inference(spm,[status(thm)],[c_0_12,c_0_261])).
cnf(c_0_405, plain, (f(f(f(f(X1,X2),X1),X3),f(f(f(X1,X2),X1),X1))=f(f(f(f(X1,X2),X1),X3),f(f(X1,X2),X1))),inference(spm,[status(thm)],[c_0_302,c_0_261])).
cnf(c_0_406, plain, (f(f(f(f(f(f(X1,X2),X1),f(X1,X2)),f(X1,X2)),f(f(f(X1,X2),X1),f(X1,X2))),X1)=f(f(f(X1,X2),X1),f(X1,X2))),inference(spm,[status(thm)],[c_0_12,c_0_261])).
cnf(c_0_407, plain, (f(f(f(f(f(f(X1,X2),X1),X3),f(f(X1,X2),X1)),f(f(X1,X2),X1)),X1)=f(f(f(X1,X2),X1),X3)),inference(spm,[status(thm)],[c_0_12,c_0_261])).
cnf(c_0_408, plain, (f(f(f(f(X1,X2),X1),X1),f(X1,X3))=f(X1,X2)),inference(spm,[status(thm)],[c_0_5,c_0_261])).
cnf(c_0_409, plain, (f(f(f(f(X1,X2),X1),X1),f(f(X1,X2),X1))=f(f(f(f(X1,X2),X1),X1),f(X1,X2))),inference(spm,[status(thm)],[c_0_261,c_0_261])).
cnf(c_0_410, plain, (f(f(f(X1,f(f(f(X2,X3),X2),X2)),X1),f(X2,X3))=X1),inference(spm,[status(thm)],[c_0_12,c_0_261])).
cnf(c_0_411, plain, (f(f(f(f(X1,X2),f(X1,X2)),f(X1,X2)),f(f(f(X1,X2),X1),X1))=f(X1,X2)),inference(spm,[status(thm)],[c_0_14,c_0_261])).
cnf(c_0_412, plain, (f(f(f(X1,X2),f(X1,X2)),f(f(f(X1,X2),X1),X1))=f(f(f(X1,X2),f(X1,X2)),f(X1,X2))),inference(spm,[status(thm)],[c_0_188,c_0_261])).
cnf(c_0_413, plain, (f(f(X1,X2),f(f(f(X1,X2),X1),X1))=f(f(X1,X2),f(X1,X2))),inference(spm,[status(thm)],[c_0_70,c_0_261])).
cnf(c_0_414, plain, (f(f(f(f(X1,X2),f(X1,X2)),f(X1,X2)),f(f(f(f(X1,X2),X1),X1),X3))=f(X1,X2)),inference(spm,[status(thm)],[c_0_91,c_0_261])).
cnf(c_0_415, plain, (f(f(X1,X2),f(f(f(f(X1,X2),X1),X1),X3))=f(f(X1,X2),f(X1,X2))),inference(spm,[status(thm)],[c_0_227,c_0_261])).
cnf(c_0_416, plain, (f(f(f(X1,X1),X1),f(f(f(X1,X2),X1),X1))=X1),inference(spm,[status(thm)],[c_0_91,c_0_261])).
cnf(c_0_417, plain, (f(X1,f(f(f(X1,X2),X1),X1))=f(X1,X1)),inference(spm,[status(thm)],[c_0_227,c_0_261])).
cnf(c_0_418, plain, (f(X1,f(f(f(f(X1,X1),X1),f(X1,X1)),f(X1,X1)))=f(X1,X1)),inference(spm,[status(thm)],[c_0_234,c_0_261])).
cnf(c_0_419, plain, (f(X1,f(f(f(f(X1,X1),X1),X1),X2))=f(X1,X1)),inference(spm,[status(thm)],[c_0_234,c_0_261])).
cnf(c_0_420, plain, (f(f(f(X1,X1),X1),X1)=X1),inference(spm,[status(thm)],[c_0_5,c_0_261])).
cnf(c_0_421, plain, (f(f(X1,f(f(X1,X1),X1)),X1)=f(f(X1,f(f(X1,X1),X1)),f(f(X1,X1),X1))),inference(spm,[status(thm)],[c_0_261,c_0_14])).
cnf(c_0_422, plain, (f(f(X1,f(f(X1,X1),X1)),X1)=f(f(X1,f(f(X1,X1),X1)),f(f(X1,X1),X1))),inference(spm,[status(thm)],[c_0_261,c_0_91])).
cnf(c_0_423, plain, (f(f(X1,f(f(X1,X2),X1)),X1)=f(f(X1,f(f(X1,X2),X1)),f(f(X1,X2),X1))),inference(spm,[status(thm)],[c_0_261,c_0_5])).
cnf(c_0_424, plain, (f(f(f(f(X1,X1),X1),f(X1,X1)),f(f(X1,X1),X1))=f(f(f(f(X1,X1),X1),f(X1,X1)),f(X1,X1))),inference(spm,[status(thm)],[c_0_261,c_0_188])).
cnf(c_0_425, plain, (f(f(f(f(X1,X2),X1),f(X1,X2)),f(f(X1,X2),X1))=f(f(f(f(X1,X2),X1),f(X1,X2)),f(X1,X2))),inference(spm,[status(thm)],[c_0_261,c_0_302])).
cnf(c_0_426, plain, (f(f(X1,f(f(X1,f(f(X2,X3),X2)),X1)),X1)=f(f(X1,f(f(X1,f(f(X2,X3),X2)),X1)),f(f(X1,f(f(X2,X3),X2)),X1))),inference(spm,[status(thm)],[c_0_261,c_0_12])).
cnf(c_0_427, plain, (f(f(X1,f(f(X1,X1),X1)),X1)=f(f(X1,f(f(X1,X1),X1)),f(f(X1,X1),X1))),inference(spm,[status(thm)],[c_0_261,c_0_30])).
cnf(c_0_428, plain, (f(f(f(X1,X1),X1),f(X1,X1))=f(f(f(X1,X1),X1),X1)),inference(spm,[status(thm)],[c_0_261,c_0_70])).
cnf(c_0_429, plain, (f(f(f(X1,X1),X1),f(X1,X1))=f(f(f(X1,X1),X1),X1)),inference(spm,[status(thm)],[c_0_261,c_0_234])).
cnf(c_0_430, plain, (f(f(f(X1,X1),X1),f(X1,X1))=f(f(f(X1,X1),X1),X1)),inference(spm,[status(thm)],[c_0_261,c_0_227])).
cnf(c_0_431, plain, (f(f(f(X1,X1),X1),f(X1,X1))=f(f(f(X1,X1),X1),X1)),inference(spm,[status(thm)],[c_0_261,c_0_13])).
cnf(c_0_432, plain, (f(f(X1,f(f(X1,X1),X1)),X1)=f(f(X1,f(f(X1,X1),X1)),f(f(X1,X1),X1))),inference(spm,[status(thm)],[c_0_261,c_0_14])).
cnf(c_0_433, plain, (f(f(X1,f(f(X1,X1),X1)),X1)=f(f(X1,f(f(X1,X1),X1)),f(f(X1,X1),X1))),inference(spm,[status(thm)],[c_0_261,c_0_91])).
cnf(c_0_434, plain, (f(f(X1,f(f(X1,X2),X1)),X1)=f(f(X1,f(f(X1,X2),X1)),f(f(X1,X2),X1))),inference(spm,[status(thm)],[c_0_261,c_0_5])).
cnf(c_0_435, plain, (f(f(f(f(X1,X1),X1),f(X1,X1)),f(f(X1,X1),X1))=f(f(f(f(X1,X1),X1),f(X1,X1)),f(X1,X1))),inference(spm,[status(thm)],[c_0_261,c_0_188])).
cnf(c_0_436, plain, (f(f(f(f(X1,X2),X1),f(X1,X2)),f(f(X1,X2),X1))=f(f(f(f(X1,X2),X1),f(X1,X2)),f(X1,X2))),inference(spm,[status(thm)],[c_0_261,c_0_302])).
cnf(c_0_437, plain, (f(f(X1,f(f(X1,f(f(X2,X3),X2)),X1)),X1)=f(f(X1,f(f(X1,f(f(X2,X3),X2)),X1)),f(f(X1,f(f(X2,X3),X2)),X1))),inference(spm,[status(thm)],[c_0_261,c_0_12])).
cnf(c_0_438, plain, (f(f(X1,f(f(X1,X1),X1)),X1)=f(f(X1,f(f(X1,X1),X1)),f(f(X1,X1),X1))),inference(spm,[status(thm)],[c_0_261,c_0_30])).
cnf(c_0_439, plain, (f(f(f(X1,X1),X1),f(X1,X1))=f(f(f(X1,X1),X1),X1)),inference(spm,[status(thm)],[c_0_261,c_0_70])).
cnf(c_0_440, plain, (f(f(f(X1,X1),X1),f(X1,X1))=f(f(f(X1,X1),X1),X1)),inference(spm,[status(thm)],[c_0_261,c_0_234])).
cnf(c_0_441, plain, (f(f(f(X1,X1),X1),f(X1,X1))=f(f(f(X1,X1),X1),X1)),inference(spm,[status(thm)],[c_0_261,c_0_227])).
cnf(c_0_442, plain, (f(f(f(X1,X1),X1),f(X1,X1))=f(f(f(X1,X1),X1),X1)),inference(spm,[status(thm)],[c_0_261,c_0_13])).
cnf(c_0_443, plain, (f(X1,f(f(X1,X1),X1))=f(X1,f(X1,X1))),inference(spm,[status(thm)],[c_0_261,c_0_5])).
cnf(c_0_444, plain, (f(f(f(X1,X2),f(f(f(X1,X2),X1),X1)),f(f(X1,X3),X4))=f(f(f(X1,X2),X1),X1)),inference(spm,[status(thm)],[c_0_5,c_0_408])).
cnf(c_0_445, plain, (f(f(f(f(X1,X2),X1),X1),f(X1,X2))=f(f(f(f(X1,X2),X1),X1),f(f(f(X1,X2),X1),X1))),inference(spm,[status(thm)],[c_0_13,c_0_408])).
cnf(c_0_446, plain, (f(f(f(f(f(f(X1,X2),X1),X1),f(f(f(X1,X2),X1),X1)),f(f(f(X1,X2),X1),X1)),f(f(X1,X2),X4))=f(f(f(X1,X2),X1),X1)),inference(spm,[status(thm)],[c_0_14,c_0_408])).
cnf(c_0_447, plain, (f(f(f(f(f(X1,X2),X1),X1),f(f(f(X1,X2),X1),X1)),f(f(X1,X2),X4))=f(f(f(f(f(X1,X2),X1),X1),f(f(f(X1,X2),X1),X1)),f(f(f(X1,X2),X1),X1))),inference(spm,[status(thm)],[c_0_188,c_0_408])).
cnf(c_0_448, plain, (f(f(f(f(X1,X2),X1),X1),f(f(X1,X2),X4))=f(f(f(f(X1,X2),X1),X1),f(f(f(X1,X2),X1),X1))),inference(spm,[status(thm)],[c_0_70,c_0_408])).
cnf(c_0_449, plain, (f(f(f(f(f(f(X1,X2),X1),X1),f(f(f(X1,X2),X1),X1)),f(f(f(X1,X2),X1),X1)),f(f(f(X1,X2),X4),X5))=f(f(f(X1,X2),X1),X1)),inference(spm,[status(thm)],[c_0_91,c_0_408])).
cnf(c_0_450, plain, (f(f(f(f(X1,X2),f(f(f(X1,X2),X1),X1)),f(f(f(X1,X2),X1),X1)),f(f(f(f(X1,X2),X1),X1),X4))=f(X1,X2)),inference(spm,[status(thm)],[c_0_408,c_0_408])).
cnf(c_0_451, plain, (f(f(f(f(X1,X2),X1),X1),f(f(f(X1,X2),X4),X5))=f(f(f(f(X1,X2),X1),X1),f(f(f(X1,X2),X1),X1))),inference(spm,[status(thm)],[c_0_227,c_0_408])).
cnf(c_0_452, plain, (f(f(f(X1,X2),f(f(f(X1,X2),X1),X1)),f(X1,X2))=f(f(f(X1,X2),f(f(f(X1,X2),X1),X1)),f(f(f(X1,X2),X1),X1))),inference(spm,[status(thm)],[c_0_261,c_0_408])).
cnf(c_0_453, plain, (f(f(X1,X2),f(f(f(f(X1,X2),X1),X1),X4))=f(f(X1,X2),f(f(f(X1,X2),X1),X1))),inference(spm,[status(thm)],[c_0_302,c_0_408])).
cnf(c_0_454, plain, (f(f(f(X1,f(f(f(X2,X3),X2),X2)),X1),f(X2,X3))=X1),inference(spm,[status(thm)],[c_0_5,c_0_408])).
cnf(c_0_455, plain, (f(f(f(X1,f(f(X2,X3),f(f(f(X2,X3),X2),X2))),X1),f(f(f(X2,X3),X2),X2))=X1),inference(spm,[status(thm)],[c_0_12,c_0_408])).
cnf(c_0_456, plain, (f(f(f(f(f(f(f(X1,X2),X1),X1),X3),f(f(f(X1,X2),X1),X1)),f(f(f(X1,X2),X1),X1)),f(X1,X2))=f(f(f(f(X1,X2),X1),X1),X3)),inference(spm,[status(thm)],[c_0_408,c_0_408])).
cnf(c_0_457, plain, (f(f(f(f(f(X1,X2),X1),X1),X3),f(X1,X2))=f(f(f(f(f(X1,X2),X1),X1),X3),f(f(f(X1,X2),X1),X1))),inference(spm,[status(thm)],[c_0_302,c_0_408])).
cnf(c_0_458, plain, (f(f(f(f(X1,X2),X3),f(f(f(f(X1,X2),X3),f(X1,X2)),f(X1,X2))),X1)=f(f(f(f(X1,X2),X3),f(X1,X2)),f(X1,X2))),inference(spm,[status(thm)],[c_0_12,c_0_408])).
cnf(c_0_459, plain, (f(f(f(f(f(X1,X2),X1),f(f(X1,X2),X1)),f(f(X1,X2),X1)),f(X1,X2))=f(f(X1,X2),X1)),inference(spm,[status(thm)],[c_0_14,c_0_408])).
cnf(c_0_460, plain, (f(f(f(f(X1,X2),X1),f(f(X1,X2),X1)),f(X1,X2))=f(f(f(f(X1,X2),X1),f(f(X1,X2),X1)),f(f(X1,X2),X1))),inference(spm,[status(thm)],[c_0_188,c_0_408])).
cnf(c_0_461, plain, (f(f(f(X1,X2),X1),f(X1,X2))=f(f(f(X1,X2),X1),f(f(X1,X2),X1))),inference(spm,[status(thm)],[c_0_70,c_0_408])).
cnf(c_0_462, plain, (f(f(f(f(f(X1,X2),X1),f(f(X1,X2),X1)),f(f(X1,X2),X1)),f(f(X1,X2),X4))=f(f(X1,X2),X1)),inference(spm,[status(thm)],[c_0_91,c_0_408])).
cnf(c_0_463, plain, (f(f(f(X1,X2),X1),f(f(X1,X2),X4))=f(f(f(X1,X2),X1),f(f(X1,X2),X1))),inference(spm,[status(thm)],[c_0_227,c_0_408])).
cnf(c_0_464, plain, (f(f(f(f(X1,X2),f(X1,X2)),f(X1,X2)),f(X1,X2))=f(X1,X2)),inference(spm,[status(thm)],[c_0_91,c_0_408])).
cnf(c_0_465, plain, (f(X1,f(X1,X1))=f(X1,X1)),inference(spm,[status(thm)],[c_0_234,c_0_408])).
cnf(c_0_466, plain, (f(f(f(f(f(f(X1,X1),X1),X2),f(f(X1,X1),X1)),f(f(X1,X1),X1)),X1)=f(f(f(X1,X1),X1),X2)),inference(spm,[status(thm)],[c_0_408,c_0_14])).
cnf(c_0_467, plain, (f(f(f(f(f(f(X1,X1),X1),X2),f(f(X1,X1),X1)),f(f(X1,X1),X1)),X1)=f(f(f(X1,X1),X1),X2)),inference(spm,[status(thm)],[c_0_408,c_0_91])).
cnf(c_0_468, plain, (f(f(f(f(f(f(X1,X2),X1),X3),f(f(X1,X2),X1)),f(f(X1,X2),X1)),X1)=f(f(f(X1,X2),X1),X3)),inference(spm,[status(thm)],[c_0_408,c_0_5])).
cnf(c_0_469, plain, (f(f(f(f(f(f(X1,X2),X1),X3),f(f(X1,X2),X1)),f(f(X1,X2),X1)),f(f(f(X1,X2),X1),X1))=f(f(f(X1,X2),X1),X3)),inference(spm,[status(thm)],[c_0_408,c_0_261])).
cnf(c_0_470, plain, (f(f(f(f(f(X1,X1),X2),f(X1,X1)),f(X1,X1)),f(f(X1,X1),X1))=f(f(X1,X1),X2)),inference(spm,[status(thm)],[c_0_408,c_0_188])).
cnf(c_0_471, plain, (f(f(f(f(f(X1,X2),X3),f(X1,X2)),f(X1,X2)),f(f(X1,X2),X1))=f(f(X1,X2),X3)),inference(spm,[status(thm)],[c_0_408,c_0_302])).
cnf(c_0_472, plain, (f(f(f(f(f(f(X1,f(f(X2,X3),X2)),X1),X4),f(f(X1,f(f(X2,X3),X2)),X1)),f(f(X1,f(f(X2,X3),X2)),X1)),X1)=f(f(f(X1,f(f(X2,X3),X2)),X1),X4)),inference(spm,[status(thm)],[c_0_408,c_0_12])).
cnf(c_0_473, plain, (f(f(f(f(f(f(X1,X1),X1),X2),f(f(X1,X1),X1)),f(f(X1,X1),X1)),X1)=f(f(f(X1,X1),X1),X2)),inference(spm,[status(thm)],[c_0_408,c_0_30])).
cnf(c_0_474, plain, (f(f(f(f(X1,X2),X1),X1),f(X1,X1))=f(X1,X2)),inference(spm,[status(thm)],[c_0_408,c_0_70])).
cnf(c_0_475, plain, (f(f(f(f(X1,X2),X1),X1),f(X1,X1))=f(X1,X2)),inference(spm,[status(thm)],[c_0_408,c_0_234])).
cnf(c_0_476, plain, (f(f(f(f(X1,X2),X1),X1),f(X1,X1))=f(X1,X2)),inference(spm,[status(thm)],[c_0_408,c_0_227])).
cnf(c_0_477, plain, (f(f(f(f(X1,X2),X1),X1),f(X1,X1))=f(X1,X2)),inference(spm,[status(thm)],[c_0_408,c_0_13])).
cnf(c_0_478, plain, (f(f(f(X1,f(f(X1,X1),X1)),f(f(X1,X1),X1)),f(f(f(X1,X1),X1),X4))=X1),inference(spm,[status(thm)],[c_0_408,c_0_14])).
cnf(c_0_479, plain, (f(f(f(X1,f(f(X1,X1),X1)),f(f(X1,X1),X1)),f(f(f(X1,X1),X1),X5))=X1),inference(spm,[status(thm)],[c_0_408,c_0_91])).
cnf(c_0_480, plain, (f(f(f(X1,f(f(X1,X2),X1)),f(f(X1,X2),X1)),f(f(f(X1,X2),X1),X4))=X1),inference(spm,[status(thm)],[c_0_408,c_0_5])).
cnf(c_0_481, plain, (f(f(f(f(f(f(X1,X2),X1),X1),f(f(X1,X2),X1)),f(f(X1,X2),X1)),f(f(f(X1,X2),X1),X3))=f(f(f(X1,X2),X1),X1)),inference(spm,[status(thm)],[c_0_408,c_0_261])).
cnf(c_0_482, plain, (f(f(f(f(f(X1,X1),X1),f(X1,X1)),f(X1,X1)),f(f(X1,X1),X4))=f(f(X1,X1),X1)),inference(spm,[status(thm)],[c_0_408,c_0_188])).
cnf(c_0_483, plain, (f(f(f(f(f(X1,X2),X1),f(X1,X2)),f(X1,X2)),f(f(X1,X2),X4))=f(f(X1,X2),X1)),inference(spm,[status(thm)],[c_0_408,c_0_302])).
cnf(c_0_484, plain, (f(f(f(X1,f(f(X1,f(f(X2,X3),X2)),X1)),f(f(X1,f(f(X2,X3),X2)),X1)),f(f(f(X1,f(f(X2,X3),X2)),X1),X4))=X1),inference(spm,[status(thm)],[c_0_408,c_0_12])).
cnf(c_0_485, plain, (f(f(f(X1,f(f(X1,X1),X1)),f(f(X1,X1),X1)),f(f(f(X1,X1),X1),X2))=X1),inference(spm,[status(thm)],[c_0_408,c_0_30])).
cnf(c_0_486, plain, (f(f(f(f(X1,X1),X1),X1),f(X1,X4))=f(X1,X1)),inference(spm,[status(thm)],[c_0_408,c_0_70])).
cnf(c_0_487, plain, (f(f(f(f(X1,X1),X1),X1),f(X1,X4))=f(X1,X1)),inference(spm,[status(thm)],[c_0_408,c_0_234])).
cnf(c_0_488, plain, (f(f(f(f(X1,X1),X1),X1),f(X1,X5))=f(X1,X1)),inference(spm,[status(thm)],[c_0_408,c_0_227])).
cnf(c_0_489, plain, (f(f(f(f(X1,X1),X1),X1),f(X1,X3))=f(X1,X1)),inference(spm,[status(thm)],[c_0_408,c_0_13])).
cnf(c_0_490, plain, (f(f(X1,f(X1,X1)),f(f(X1,X1),X2))=f(f(X1,X1),X1)),inference(spm,[status(thm)],[c_0_408,c_0_5])).
cnf(c_0_491, plain, (f(f(f(f(f(X1,X2),X1),X1),f(X1,X2)),f(f(X1,X2),X3))=f(f(X1,X2),X1)),inference(spm,[status(thm)],[c_0_408,c_0_261])).
cnf(c_0_492, plain, (f(f(X1,X2),f(f(X1,X2),X3))=f(f(X1,X2),X1)),inference(spm,[status(thm)],[c_0_408,c_0_5])).
cnf(c_0_493, plain, (f(X1,f(X1,X3))=f(X1,f(f(X1,X2),X1))),inference(spm,[status(thm)],[c_0_408,c_0_12])).
cnf(c_0_494, plain, (f(X1,f(X1,X2))=f(X1,X1)),inference(spm,[status(thm)],[c_0_408,c_0_30])).
cnf(c_0_495, plain, (f(f(f(f(f(X1,X2),X1),X3),f(f(f(f(f(X1,X2),X1),X3),f(f(X1,X2),X1)),f(f(X1,X2),X1))),X1)=f(f(f(f(f(X1,X2),X1),X3),f(f(X1,X2),X1)),f(f(X1,X2),X1))),inference(spm,[status(thm)],[c_0_12,c_0_27])).
cnf(c_0_496, plain, (f(f(f(X1,X2),f(f(f(X1,X2),X1),X1)),f(X1,X3))=f(f(f(X1,X2),X1),X1)),inference(spm,[status(thm)],[c_0_5,c_0_27])).
cnf(c_0_497, plain, (f(f(f(f(X1,X2),X1),X1),f(X1,X2))=f(f(f(f(X1,X2),X1),X1),f(f(f(X1,X2),X1),X1))),inference(spm,[status(thm)],[c_0_13,c_0_27])).
cnf(c_0_498, plain, (f(f(f(f(f(f(X1,X2),X1),X1),f(f(f(X1,X2),X1),X1)),f(f(f(X1,X2),X1),X1)),f(f(X1,X2),X3))=f(f(f(X1,X2),X1),X1)),inference(spm,[status(thm)],[c_0_14,c_0_27])).
cnf(c_0_499, plain, (f(f(f(f(X1,X2),f(f(f(X1,X2),X1),X1)),f(f(f(X1,X2),X1),X1)),f(f(f(X1,X2),X1),X1))=f(X1,X2)),inference(spm,[status(thm)],[c_0_27,c_0_27])).
cnf(c_0_500, plain, (f(f(f(f(f(X1,X2),X1),X1),f(f(f(X1,X2),X1),X1)),f(f(X1,X2),X3))=f(f(f(f(f(X1,X2),X1),X1),f(f(f(X1,X2),X1),X1)),f(f(f(X1,X2),X1),X1))),inference(spm,[status(thm)],[c_0_188,c_0_27])).
cnf(c_0_501, plain, (f(f(f(f(X1,X2),X1),X1),f(f(X1,X2),X3))=f(f(f(f(X1,X2),X1),X1),f(f(f(X1,X2),X1),X1))),inference(spm,[status(thm)],[c_0_70,c_0_27])).
cnf(c_0_502, plain, (f(f(f(f(f(f(X1,X2),X1),X1),f(f(f(X1,X2),X1),X1)),f(f(f(X1,X2),X1),X1)),f(f(f(X1,X2),X3),X4))=f(f(f(X1,X2),X1),X1)),inference(spm,[status(thm)],[c_0_91,c_0_27])).
cnf(c_0_503, plain, (f(f(f(f(X1,X2),f(f(f(X1,X2),X1),X1)),f(f(f(X1,X2),X1),X1)),f(f(f(f(X1,X2),X1),X1),X3))=f(X1,X2)),inference(spm,[status(thm)],[c_0_408,c_0_27])).
cnf(c_0_504, plain, (f(f(f(f(X1,X2),X1),X1),f(f(f(X1,X2),X3),X4))=f(f(f(f(X1,X2),X1),X1),f(f(f(X1,X2),X1),X1))),inference(spm,[status(thm)],[c_0_227,c_0_27])).
cnf(c_0_505, plain, (f(f(f(X1,X2),f(f(f(X1,X2),X1),X1)),f(X1,X2))=f(f(f(X1,X2),f(f(f(X1,X2),X1),X1)),f(f(f(X1,X2),X1),X1))),inference(spm,[status(thm)],[c_0_261,c_0_27])).
cnf(c_0_506, plain, (f(f(X1,X2),f(f(f(f(X1,X2),X1),X1),X3))=f(f(X1,X2),f(f(f(X1,X2),X1),X1))),inference(spm,[status(thm)],[c_0_302,c_0_27])).
cnf(c_0_507, plain, (f(f(f(X1,f(f(f(X2,X3),X2),X2)),X1),f(X2,X3))=X1),inference(spm,[status(thm)],[c_0_5,c_0_27])).
cnf(c_0_508, plain, (f(f(f(X1,f(f(X2,X3),f(f(f(X2,X3),X2),X2))),X1),f(f(f(X2,X3),X2),X2))=X1),inference(spm,[status(thm)],[c_0_12,c_0_27])).
cnf(c_0_509, plain, (f(f(f(f(f(f(f(X1,X2),X1),X1),X3),f(f(f(X1,X2),X1),X1)),f(f(f(X1,X2),X1),X1)),f(X1,X2))=f(f(f(f(X1,X2),X1),X1),X3)),inference(spm,[status(thm)],[c_0_408,c_0_27])).
cnf(c_0_510, plain, (f(f(f(f(f(X1,X2),X1),X1),X3),f(X1,X2))=f(f(f(f(f(X1,X2),X1),X1),X3),f(f(f(X1,X2),X1),X1))),inference(spm,[status(thm)],[c_0_302,c_0_27])).
cnf(c_0_511, plain, (f(f(f(f(f(X1,X2),X1),f(f(X1,X2),X1)),f(f(X1,X2),X1)),f(X1,X2))=f(f(X1,X2),X1)),inference(spm,[status(thm)],[c_0_14,c_0_27])).
cnf(c_0_512, plain, (f(f(f(f(X1,X2),X1),f(f(X1,X2),X1)),f(X1,X2))=f(f(f(f(X1,X2),X1),f(f(X1,X2),X1)),f(f(X1,X2),X1))),inference(spm,[status(thm)],[c_0_188,c_0_27])).
cnf(c_0_513, plain, (f(f(f(X1,X2),X1),f(X1,X2))=f(f(f(X1,X2),X1),f(f(X1,X2),X1))),inference(spm,[status(thm)],[c_0_70,c_0_27])).
cnf(c_0_514, plain, (f(f(f(f(f(X1,X2),X1),f(f(X1,X2),X1)),f(f(X1,X2),X1)),f(f(X1,X2),X3))=f(f(X1,X2),X1)),inference(spm,[status(thm)],[c_0_91,c_0_27])).
cnf(c_0_515, plain, (f(f(f(X1,X2),X1),f(f(X1,X2),X3))=f(f(f(X1,X2),X1),f(f(X1,X2),X1))),inference(spm,[status(thm)],[c_0_227,c_0_27])).
cnf(c_0_516, plain, (f(f(f(f(X1,X2),f(X1,X2)),f(X1,X2)),f(X1,X2))=f(X1,X2)),inference(spm,[status(thm)],[c_0_91,c_0_27])).
cnf(c_0_517, plain, (f(X1,f(X1,X1))=f(X1,X1)),inference(spm,[status(thm)],[c_0_234,c_0_27])).
cnf(c_0_518, plain, (f(f(f(X1,f(f(X1,X1),X1)),f(f(X1,X1),X1)),f(f(X1,X1),X1))=X1),inference(spm,[status(thm)],[c_0_27,c_0_14])).
cnf(c_0_519, plain, (f(f(f(X1,f(f(X1,X1),X1)),f(f(X1,X1),X1)),f(f(X1,X1),X1))=X1),inference(spm,[status(thm)],[c_0_27,c_0_91])).
cnf(c_0_520, plain, (f(f(f(X1,f(f(X1,X2),X1)),f(f(X1,X2),X1)),f(f(X1,X2),X1))=X1),inference(spm,[status(thm)],[c_0_27,c_0_5])).
cnf(c_0_521, plain, (f(f(f(f(X1,X2),f(f(f(X1,X2),X1),X1)),f(f(f(X1,X2),X1),X1)),f(f(f(X1,X2),X1),X1))=f(X1,X2)),inference(spm,[status(thm)],[c_0_27,c_0_408])).
cnf(c_0_522, plain, (f(f(f(f(f(f(X1,X2),X1),X1),f(f(X1,X2),X1)),f(f(X1,X2),X1)),f(f(X1,X2),X1))=f(f(f(X1,X2),X1),X1)),inference(spm,[status(thm)],[c_0_27,c_0_261])).
cnf(c_0_523, plain, (f(f(f(f(f(X1,X1),X1),f(X1,X1)),f(X1,X1)),f(X1,X1))=f(f(X1,X1),X1)),inference(spm,[status(thm)],[c_0_27,c_0_188])).
cnf(c_0_524, plain, (f(f(f(f(f(X1,X2),X1),f(X1,X2)),f(X1,X2)),f(X1,X2))=f(f(X1,X2),X1)),inference(spm,[status(thm)],[c_0_27,c_0_302])).
cnf(c_0_525, plain, (f(f(f(X1,f(f(X1,f(f(X2,X3),X2)),X1)),f(f(X1,f(f(X2,X3),X2)),X1)),f(f(X1,f(f(X2,X3),X2)),X1))=X1),inference(spm,[status(thm)],[c_0_27,c_0_12])).
cnf(c_0_526, plain, (f(f(f(X1,f(f(X1,X1),X1)),f(f(X1,X1),X1)),f(f(X1,X1),X1))=X1),inference(spm,[status(thm)],[c_0_27,c_0_30])).
cnf(c_0_527, plain, (f(f(f(f(X1,X1),X1),X1),X1)=f(X1,X1)),inference(spm,[status(thm)],[c_0_27,c_0_70])).
cnf(c_0_528, plain, (f(f(f(f(X1,X1),X1),X1),X1)=f(X1,X1)),inference(spm,[status(thm)],[c_0_27,c_0_234])).
cnf(c_0_529, plain, (f(f(f(f(X1,X1),X1),X1),X1)=f(X1,X1)),inference(spm,[status(thm)],[c_0_27,c_0_227])).
cnf(c_0_530, plain, (f(f(f(f(X1,X1),X1),X1),X1)=f(X1,X1)),inference(spm,[status(thm)],[c_0_27,c_0_13])).
cnf(c_0_531, plain, (f(f(X1,f(X1,X1)),f(X1,X1))=f(f(X1,X1),X1)),inference(spm,[status(thm)],[c_0_27,c_0_5])).
cnf(c_0_532, plain, (f(f(f(f(f(X1,X2),X1),X1),f(X1,X2)),f(X1,X2))=f(f(X1,X2),X1)),inference(spm,[status(thm)],[c_0_27,c_0_261])).
cnf(c_0_533, plain, (f(f(X1,X2),f(X1,X2))=f(f(X1,X2),X1)),inference(spm,[status(thm)],[c_0_27,c_0_5])).
cnf(c_0_534, plain, (f(X1,X1)=f(X1,f(f(X1,X2),X1))),inference(spm,[status(thm)],[c_0_27,c_0_12])).
cnf(c_0_535, plain, (f(f(f(f(f(X1,X2),X1),X1),f(f(X1,X2),X1)),f(f(X1,X3),X4))=f(f(X1,X2),X1)),inference(spm,[status(thm)],[c_0_5,c_0_496])).
cnf(c_0_536, plain, (f(f(f(X1,X2),X1),f(f(f(X1,X2),X1),X1))=f(f(f(X1,X2),X1),f(f(X1,X2),X1))),inference(spm,[status(thm)],[c_0_13,c_0_496])).
cnf(c_0_537, plain, (f(f(f(f(f(X1,X2),X1),f(f(X1,X2),X1)),f(f(X1,X2),X1)),f(f(f(f(X1,X2),X1),X1),X4))=f(f(X1,X2),X1)),inference(spm,[status(thm)],[c_0_14,c_0_496])).
cnf(c_0_538, plain, (f(f(f(f(f(f(X1,X2),X1),X1),f(f(X1,X2),X1)),f(f(X1,X2),X1)),f(f(X1,X2),X1))=f(f(f(X1,X2),X1),X1)),inference(spm,[status(thm)],[c_0_27,c_0_496])).
cnf(c_0_539, plain, (f(f(f(f(X1,X2),X1),f(f(X1,X2),X1)),f(f(f(f(X1,X2),X1),X1),X4))=f(f(f(f(X1,X2),X1),f(f(X1,X2),X1)),f(f(X1,X2),X1))),inference(spm,[status(thm)],[c_0_188,c_0_496])).
cnf(c_0_540, plain, (f(f(f(X1,X2),X1),f(f(f(f(X1,X2),X1),X1),X4))=f(f(f(X1,X2),X1),f(f(X1,X2),X1))),inference(spm,[status(thm)],[c_0_70,c_0_496])).
cnf(c_0_541, plain, (f(f(f(f(f(X1,X2),X1),f(f(X1,X2),X1)),f(f(X1,X2),X1)),f(f(f(f(f(X1,X2),X1),X1),X4),X5))=f(f(X1,X2),X1)),inference(spm,[status(thm)],[c_0_91,c_0_496])).
cnf(c_0_542, plain, (f(f(f(f(f(f(X1,X2),X1),X1),f(f(X1,X2),X1)),f(f(X1,X2),X1)),f(f(f(X1,X2),X1),X4))=f(f(f(X1,X2),X1),X1)),inference(spm,[status(thm)],[c_0_408,c_0_496])).
cnf(c_0_543, plain, (f(f(f(X1,X2),X1),f(f(f(f(f(X1,X2),X1),X1),X4),X5))=f(f(f(X1,X2),X1),f(f(X1,X2),X1))),inference(spm,[status(thm)],[c_0_227,c_0_496])).
cnf(c_0_544, plain, (f(f(f(f(X1,X2),X1),X1),f(f(f(X1,X2),X1),X4))=f(f(f(f(X1,X2),X1),X1),f(f(X1,X2),X1))),inference(spm,[status(thm)],[c_0_302,c_0_496])).
cnf(c_0_545, plain, (f(f(f(f(f(X1,X2),X1),X1),f(f(X1,X2),X1)),f(f(f(X1,X2),X1),X4))=f(f(f(f(f(X1,X2),X1),X1),f(f(X1,X2),X1)),f(f(X1,X2),X1))),inference(spm,[status(thm)],[c_0_496,c_0_496])).
cnf(c_0_546, plain, (f(f(f(X1,f(f(X2,X3),X2)),X1),f(f(f(X2,X3),X2),X2))=X1),inference(spm,[status(thm)],[c_0_5,c_0_496])).
cnf(c_0_547, plain, (f(f(f(X1,f(f(f(f(X2,X3),X2),X2),f(f(X2,X3),X2))),X1),f(f(X2,X3),X2))=X1),inference(spm,[status(thm)],[c_0_12,c_0_496])).
cnf(c_0_548, plain, (f(f(f(f(f(f(X1,X2),X1),X3),f(f(X1,X2),X1)),f(f(X1,X2),X1)),f(f(f(X1,X2),X1),X1))=f(f(f(X1,X2),X1),X3)),inference(spm,[status(thm)],[c_0_408,c_0_496])).
cnf(c_0_549, plain, (f(f(f(f(X1,X2),X1),X3),f(f(f(X1,X2),X1),X1))=f(f(f(f(X1,X2),X1),X3),f(f(X1,X2),X1))),inference(spm,[status(thm)],[c_0_302,c_0_496])).
cnf(c_0_550, plain, (f(f(f(f(f(X1,X2),X1),X3),f(f(X1,X2),X1)),f(f(f(X1,X2),X1),X1))=f(f(f(f(f(X1,X2),X1),X3),f(f(X1,X2),X1)),f(f(X1,X2),X1))),inference(spm,[status(thm)],[c_0_496,c_0_496])).
cnf(c_0_551, plain, (f(f(f(f(f(f(X1,X2),X3),f(X1,X2)),f(X1,X2)),f(f(f(X1,X2),X3),f(X1,X2))),X1)=f(f(f(X1,X2),X3),f(X1,X2))),inference(spm,[status(thm)],[c_0_12,c_0_496])).
cnf(c_0_552, plain, (f(f(f(f(f(f(X1,X2),X1),X3),f(f(X1,X2),X1)),f(f(X1,X2),X1)),X1)=f(f(f(X1,X2),X1),X3)),inference(spm,[status(thm)],[c_0_12,c_0_496])).
cnf(c_0_553, plain, (f(f(f(f(X1,X2),X1),X1),f(X1,X3))=f(X1,X2)),inference(spm,[status(thm)],[c_0_5,c_0_496])).
cnf(c_0_554, plain, (f(f(f(f(f(X1,X2),X1),X1),f(X1,X2)),f(X1,X2))=f(f(X1,X2),X1)),inference(spm,[status(thm)],[c_0_27,c_0_496])).
cnf(c_0_555, plain, (f(f(f(f(f(X1,X2),X1),X1),f(X1,X2)),f(f(X1,X2),X3))=f(f(X1,X2),X1)),inference(spm,[status(thm)],[c_0_408,c_0_496])).
cnf(c_0_556, plain, (f(f(f(f(X1,X2),X1),X1),f(f(X1,X2),X3))=f(f(f(f(X1,X2),X1),X1),f(X1,X2))),inference(spm,[status(thm)],[c_0_496,c_0_496])).
cnf(c_0_557, plain, (f(f(f(X1,f(f(f(X2,X3),X2),X2)),X1),f(X2,X3))=X1),inference(spm,[status(thm)],[c_0_12,c_0_496])).
cnf(c_0_558, plain, (f(f(f(f(X1,X2),f(X1,X2)),f(X1,X2)),f(f(f(X1,X2),X1),X1))=f(X1,X2)),inference(spm,[status(thm)],[c_0_14,c_0_496])).
cnf(c_0_559, plain, (f(f(f(X1,X2),f(X1,X2)),f(f(f(X1,X2),X1),X1))=f(f(f(X1,X2),f(X1,X2)),f(X1,X2))),inference(spm,[status(thm)],[c_0_188,c_0_496])).
cnf(c_0_560, plain, (f(f(X1,X2),f(f(f(X1,X2),X1),X1))=f(f(X1,X2),f(X1,X2))),inference(spm,[status(thm)],[c_0_70,c_0_496])).
cnf(c_0_561, plain, (f(f(f(f(X1,X2),f(X1,X2)),f(X1,X2)),f(f(f(f(X1,X2),X1),X1),X4))=f(X1,X2)),inference(spm,[status(thm)],[c_0_91,c_0_496])).
cnf(c_0_562, plain, (f(f(X1,X2),f(f(f(f(X1,X2),X1),X1),X4))=f(f(X1,X2),f(X1,X2))),inference(spm,[status(thm)],[c_0_227,c_0_496])).
cnf(c_0_563, plain, (f(f(f(X1,f(f(f(X1,X2),X3),f(X1,X2))),X1),X1)=X1),inference(spm,[status(thm)],[c_0_12,c_0_496])).
cnf(c_0_564, plain, (f(f(f(X1,X1),X1),f(f(f(X1,X2),X1),X1))=X1),inference(spm,[status(thm)],[c_0_91,c_0_496])).
cnf(c_0_565, plain, (f(X1,f(f(f(X1,X2),X1),X1))=f(X1,X1)),inference(spm,[status(thm)],[c_0_227,c_0_496])).
cnf(c_0_566, plain, (f(X1,f(f(f(f(X1,X1),X1),f(X1,X1)),f(X1,X1)))=f(X1,X1)),inference(spm,[status(thm)],[c_0_234,c_0_496])).
cnf(c_0_567, plain, (f(X1,f(f(f(f(X1,X1),X1),X1),X3))=f(X1,X1)),inference(spm,[status(thm)],[c_0_234,c_0_496])).
cnf(c_0_568, plain, (f(f(f(X1,X1),X1),X1)=X1),inference(spm,[status(thm)],[c_0_5,c_0_496])).
cnf(c_0_569, plain, (f(f(f(f(f(X1,X1),X1),X2),f(f(X1,X1),X1)),X1)=f(f(f(f(f(X1,X1),X1),X2),f(f(X1,X1),X1)),f(f(X1,X1),X1))),inference(spm,[status(thm)],[c_0_496,c_0_14])).
cnf(c_0_570, plain, (f(f(f(f(f(X1,X1),X1),X2),f(f(X1,X1),X1)),X1)=f(f(f(f(f(X1,X1),X1),X2),f(f(X1,X1),X1)),f(f(X1,X1),X1))),inference(spm,[status(thm)],[c_0_496,c_0_91])).
cnf(c_0_571, plain, (f(f(f(f(f(X1,X2),X1),X3),f(f(X1,X2),X1)),X1)=f(f(f(f(f(X1,X2),X1),X3),f(f(X1,X2),X1)),f(f(X1,X2),X1))),inference(spm,[status(thm)],[c_0_496,c_0_5])).
cnf(c_0_572, plain, (f(f(f(f(f(f(X1,X2),X1),X1),X3),f(f(f(X1,X2),X1),X1)),f(X1,X2))=f(f(f(f(f(f(X1,X2),X1),X1),X3),f(f(f(X1,X2),X1),X1)),f(f(f(X1,X2),X1),X1))),inference(spm,[status(thm)],[c_0_496,c_0_408])).
cnf(c_0_573, plain, (f(f(f(f(X1,X1),X2),f(X1,X1)),f(f(X1,X1),X1))=f(f(f(f(X1,X1),X2),f(X1,X1)),f(X1,X1))),inference(spm,[status(thm)],[c_0_496,c_0_188])).
cnf(c_0_574, plain, (f(f(f(f(X1,X2),X3),f(X1,X2)),f(f(X1,X2),X1))=f(f(f(f(X1,X2),X3),f(X1,X2)),f(X1,X2))),inference(spm,[status(thm)],[c_0_496,c_0_302])).
cnf(c_0_575, plain, (f(f(f(f(f(f(X1,X2),X1),X1),X3),f(f(f(X1,X2),X1),X1)),f(X1,X2))=f(f(f(f(f(f(X1,X2),X1),X1),X3),f(f(f(X1,X2),X1),X1)),f(f(f(X1,X2),X1),X1))),inference(spm,[status(thm)],[c_0_496,c_0_27])).
cnf(c_0_576, plain, (f(f(f(f(f(X1,f(f(X2,X3),X2)),X1),X4),f(f(X1,f(f(X2,X3),X2)),X1)),X1)=f(f(f(f(f(X1,f(f(X2,X3),X2)),X1),X4),f(f(X1,f(f(X2,X3),X2)),X1)),f(f(X1,f(f(X2,X3),X2)),X1))),inference(spm,[status(thm)],[c_0_496,c_0_12])).
cnf(c_0_577, plain, (f(f(f(f(f(X1,X1),X1),X2),f(f(X1,X1),X1)),X1)=f(f(f(f(f(X1,X1),X1),X2),f(f(X1,X1),X1)),f(f(X1,X1),X1))),inference(spm,[status(thm)],[c_0_496,c_0_30])).
cnf(c_0_578, plain, (f(f(f(X1,X2),X1),f(X1,X1))=f(f(f(X1,X2),X1),X1)),inference(spm,[status(thm)],[c_0_496,c_0_70])).
cnf(c_0_579, plain, (f(f(f(X1,X2),X1),f(X1,X1))=f(f(f(X1,X2),X1),X1)),inference(spm,[status(thm)],[c_0_496,c_0_234])).
cnf(c_0_580, plain, (f(f(f(X1,X2),X1),f(X1,X1))=f(f(f(X1,X2),X1),X1)),inference(spm,[status(thm)],[c_0_496,c_0_227])).
cnf(c_0_581, plain, (f(f(f(X1,X2),X1),f(X1,X1))=f(f(f(X1,X2),X1),X1)),inference(spm,[status(thm)],[c_0_496,c_0_13])).
cnf(c_0_582, plain, (f(f(X1,f(f(X1,X1),X1)),f(f(f(X1,X1),X1),X4))=f(f(X1,f(f(X1,X1),X1)),f(f(X1,X1),X1))),inference(spm,[status(thm)],[c_0_496,c_0_14])).
cnf(c_0_583, plain, (f(f(X1,f(f(X1,X1),X1)),f(f(f(X1,X1),X1),X5))=f(f(X1,f(f(X1,X1),X1)),f(f(X1,X1),X1))),inference(spm,[status(thm)],[c_0_496,c_0_91])).
cnf(c_0_584, plain, (f(f(X1,f(f(X1,X2),X1)),f(f(f(X1,X2),X1),X4))=f(f(X1,f(f(X1,X2),X1)),f(f(X1,X2),X1))),inference(spm,[status(thm)],[c_0_496,c_0_5])).
cnf(c_0_585, plain, (f(f(f(X1,X2),f(f(f(X1,X2),X1),X1)),f(f(f(f(X1,X2),X1),X1),X4))=f(f(f(X1,X2),f(f(f(X1,X2),X1),X1)),f(f(f(X1,X2),X1),X1))),inference(spm,[status(thm)],[c_0_496,c_0_408])).
cnf(c_0_586, plain, (f(f(f(f(X1,X1),X1),f(X1,X1)),f(f(X1,X1),X4))=f(f(f(f(X1,X1),X1),f(X1,X1)),f(X1,X1))),inference(spm,[status(thm)],[c_0_496,c_0_188])).
cnf(c_0_587, plain, (f(f(f(f(X1,X2),X1),f(X1,X2)),f(f(X1,X2),X4))=f(f(f(f(X1,X2),X1),f(X1,X2)),f(X1,X2))),inference(spm,[status(thm)],[c_0_496,c_0_302])).
cnf(c_0_588, plain, (f(f(f(X1,X2),f(f(f(X1,X2),X1),X1)),f(f(f(f(X1,X2),X1),X1),X3))=f(f(f(X1,X2),f(f(f(X1,X2),X1),X1)),f(f(f(X1,X2),X1),X1))),inference(spm,[status(thm)],[c_0_496,c_0_27])).
cnf(c_0_589, plain, (f(f(X1,f(f(X1,f(f(X2,X3),X2)),X1)),f(f(f(X1,f(f(X2,X3),X2)),X1),X4))=f(f(X1,f(f(X1,f(f(X2,X3),X2)),X1)),f(f(X1,f(f(X2,X3),X2)),X1))),inference(spm,[status(thm)],[c_0_496,c_0_12])).
cnf(c_0_590, plain, (f(f(X1,f(f(X1,X1),X1)),f(f(f(X1,X1),X1),X2))=f(f(X1,f(f(X1,X1),X1)),f(f(X1,X1),X1))),inference(spm,[status(thm)],[c_0_496,c_0_30])).
cnf(c_0_591, plain, (f(f(f(X1,X1),X1),f(X1,X4))=f(f(f(X1,X1),X1),X1)),inference(spm,[status(thm)],[c_0_496,c_0_70])).
cnf(c_0_592, plain, (f(f(f(X1,X1),X1),f(X1,X4))=f(f(f(X1,X1),X1),X1)),inference(spm,[status(thm)],[c_0_496,c_0_234])).
cnf(c_0_593, plain, (f(f(f(X1,X1),X1),f(X1,X5))=f(f(f(X1,X1),X1),X1)),inference(spm,[status(thm)],[c_0_496,c_0_227])).
cnf(c_0_594, plain, (f(f(f(X1,X1),X1),f(X1,X3))=f(f(f(X1,X1),X1),X1)),inference(spm,[status(thm)],[c_0_496,c_0_13])).
cnf(c_0_595, plain, (f(X1,f(f(X1,X1),X2))=f(X1,f(X1,X1))),inference(spm,[status(thm)],[c_0_496,c_0_5])).
cnf(c_0_596, plain, (f(f(f(f(X1,X1),X1),f(X1,X1)),f(f(f(f(X1,X2),X1),X3),X4))=f(X1,X1)),inference(spm,[status(thm)],[c_0_5,c_0_584])).
cnf(c_0_597, plain, (f(f(X1,X1),f(f(X1,X1),X1))=f(f(X1,X1),f(X1,X1))),inference(spm,[status(thm)],[c_0_13,c_0_584])).
cnf(c_0_598, plain, (f(f(f(f(X1,X1),f(X1,X1)),f(X1,X1)),f(f(f(X1,X1),X1),X4))=f(X1,X1)),inference(spm,[status(thm)],[c_0_14,c_0_584])).
cnf(c_0_599, plain, (f(f(f(f(f(X1,X1),X1),f(X1,X1)),f(X1,X1)),f(X1,X1))=f(f(X1,X1),X1)),inference(spm,[status(thm)],[c_0_27,c_0_584])).
cnf(c_0_600, plain, (f(f(f(X1,X1),f(X1,X1)),f(f(f(X1,X1),X1),X4))=f(f(f(X1,X1),f(X1,X1)),f(X1,X1))),inference(spm,[status(thm)],[c_0_188,c_0_584])).
cnf(c_0_601, plain, (f(f(X1,X1),f(f(f(X1,X1),X1),X4))=f(f(X1,X1),f(X1,X1))),inference(spm,[status(thm)],[c_0_70,c_0_584])).
cnf(c_0_602, plain, (f(f(f(f(X1,X1),f(X1,X1)),f(X1,X1)),f(f(f(f(X1,X1),X1),X4),X5))=f(X1,X1)),inference(spm,[status(thm)],[c_0_91,c_0_584])).
cnf(c_0_603, plain, (f(f(f(f(f(X1,X1),X1),f(X1,X1)),f(X1,X1)),f(f(X1,X1),X4))=f(f(X1,X1),X1)),inference(spm,[status(thm)],[c_0_408,c_0_584])).
cnf(c_0_604, plain, (f(f(X1,X1),f(f(f(f(X1,X1),X1),X4),X5))=f(f(X1,X1),f(X1,X1))),inference(spm,[status(thm)],[c_0_227,c_0_584])).
cnf(c_0_605, plain, (f(f(f(X1,X1),X1),f(f(X1,X1),X4))=f(f(f(X1,X1),X1),f(X1,X1))),inference(spm,[status(thm)],[c_0_302,c_0_584])).
cnf(c_0_606, plain, (f(f(f(f(X1,X1),X1),f(X1,X1)),f(f(X1,X1),X4))=f(f(f(f(X1,X1),X1),f(X1,X1)),f(X1,X1))),inference(spm,[status(thm)],[c_0_496,c_0_584])).
cnf(c_0_607, plain, (f(f(f(X1,X1),f(X1,X1)),f(f(f(f(X1,X1),X1),f(X1,X1)),X4))=f(f(f(X1,X1),f(X1,X1)),f(X1,X1))),inference(spm,[status(thm)],[c_0_584,c_0_584])).
cnf(c_0_608, plain, (f(f(f(X1,f(X2,X2)),X1),f(f(X2,X2),X2))=X1),inference(spm,[status(thm)],[c_0_5,c_0_584])).
cnf(c_0_609, plain, (f(f(f(X1,f(f(f(X2,X2),X2),f(X2,X2))),X1),f(X2,X2))=X1),inference(spm,[status(thm)],[c_0_12,c_0_584])).
cnf(c_0_610, plain, (f(f(f(f(f(X1,X1),X2),f(X1,X1)),f(X1,X1)),f(f(X1,X1),X1))=f(f(X1,X1),X2)),inference(spm,[status(thm)],[c_0_408,c_0_584])).
cnf(c_0_611, plain, (f(f(f(X1,X1),X2),f(f(X1,X1),X1))=f(f(f(X1,X1),X2),f(X1,X1))),inference(spm,[status(thm)],[c_0_302,c_0_584])).
cnf(c_0_612, plain, (f(f(f(f(X1,X1),X2),f(X1,X1)),f(f(X1,X1),X1))=f(f(f(f(X1,X1),X2),f(X1,X1)),f(X1,X1))),inference(spm,[status(thm)],[c_0_496,c_0_584])).
cnf(c_0_613, plain, (f(f(f(f(X1,X1),X1),f(X1,X1)),f(X1,X2))=f(X1,X1)),inference(spm,[status(thm)],[c_0_12,c_0_584])).
cnf(c_0_614, plain, (f(f(X1,X1),X1)=f(f(X1,X1),f(X1,X1))),inference(spm,[status(thm)],[c_0_70,c_0_584])).
cnf(c_0_615, plain, (f(f(f(X1,X1),X1),f(f(f(X1,X2),f(X1,X2)),f(X1,X2)))=X1),inference(spm,[status(thm)],[c_0_91,c_0_584])).
cnf(c_0_616, plain, (f(X1,f(f(f(X1,X2),f(X1,X2)),f(X1,X2)))=f(X1,X1)),inference(spm,[status(thm)],[c_0_227,c_0_584])).
cnf(c_0_617, plain, (f(X1,f(f(f(f(X1,X1),X1),f(f(X1,X1),X1)),f(f(X1,X1),X1)))=f(X1,X1)),inference(spm,[status(thm)],[c_0_234,c_0_584])).
cnf(c_0_618, plain, (f(f(f(X1,X1),X1),f(f(X1,X1),X1))=X1),inference(spm,[status(thm)],[c_0_14,c_0_584])).
cnf(c_0_619, plain, (f(f(X1,X1),f(f(X1,X1),X1))=f(f(X1,X1),X1)),inference(spm,[status(thm)],[c_0_188,c_0_584])).
cnf(c_0_620, plain, (f(X1,f(f(X1,X1),X1))=f(X1,X1)),inference(spm,[status(thm)],[c_0_70,c_0_584])).
cnf(c_0_621, plain, (f(f(f(X1,X1),X1),f(f(f(X1,X1),X1),X4))=X1),inference(spm,[status(thm)],[c_0_91,c_0_584])).
cnf(c_0_622, plain, (f(X1,f(f(f(X1,X1),X1),X4))=f(X1,X1)),inference(spm,[status(thm)],[c_0_227,c_0_584])).
cnf(c_0_623, plain, (f(f(f(f(X1,X1),X1),f(f(X1,X1),X1)),f(f(X1,f(f(X1,X1),X1)),X4))=f(f(f(f(X1,X1),X1),f(f(X1,X1),X1)),f(f(X1,X1),X1))),inference(spm,[status(thm)],[c_0_584,c_0_14])).
cnf(c_0_624, plain, (f(f(f(f(X1,X1),X1),f(f(X1,X1),X1)),f(f(X1,f(f(X1,X1),X1)),X5))=f(f(f(f(X1,X1),X1),f(f(X1,X1),X1)),f(f(X1,X1),X1))),inference(spm,[status(thm)],[c_0_584,c_0_91])).
cnf(c_0_625, plain, (f(f(f(f(X1,X2),X1),f(f(X1,X2),X1)),f(f(X1,f(f(X1,X2),X1)),X4))=f(f(f(f(X1,X2),X1),f(f(X1,X2),X1)),f(f(X1,X2),X1))),inference(spm,[status(thm)],[c_0_584,c_0_5])).
cnf(c_0_626, plain, (f(f(f(f(f(X1,X2),X1),X1),f(f(f(X1,X2),X1),X1)),f(f(f(X1,X2),f(f(f(X1,X2),X1),X1)),X4))=f(f(f(f(f(X1,X2),X1),X1),f(f(f(X1,X2),X1),X1)),f(f(f(X1,X2),X1),X1))),inference(spm,[status(thm)],[c_0_584,c_0_408])).
cnf(c_0_627, plain, (f(f(f(f(X1,X2),X1),f(f(X1,X2),X1)),f(f(f(f(f(X1,X2),X1),X1),f(f(X1,X2),X1)),X4))=f(f(f(f(X1,X2),X1),f(f(X1,X2),X1)),f(f(X1,X2),X1))),inference(spm,[status(thm)],[c_0_584,c_0_496])).
cnf(c_0_628, plain, (f(f(f(X1,X1),f(X1,X1)),f(f(f(f(X1,X1),X1),f(X1,X1)),X4))=f(f(f(X1,X1),f(X1,X1)),f(X1,X1))),inference(spm,[status(thm)],[c_0_584,c_0_188])).
cnf(c_0_629, plain, (f(f(f(X1,X2),f(X1,X2)),f(f(f(f(X1,X2),X1),f(X1,X2)),X4))=f(f(f(X1,X2),f(X1,X2)),f(X1,X2))),inference(spm,[status(thm)],[c_0_584,c_0_302])).
cnf(c_0_630, plain, (f(f(f(f(f(X1,X2),X1),X1),f(f(f(X1,X2),X1),X1)),f(f(f(X1,X2),f(f(f(X1,X2),X1),X1)),X3))=f(f(f(f(f(X1,X2),X1),X1),f(f(f(X1,X2),X1),X1)),f(f(f(X1,X2),X1),X1))),inference(spm,[status(thm)],[c_0_584,c_0_27])).
cnf(c_0_631, plain, (f(f(f(f(X1,f(f(X2,X3),X2)),X1),f(f(X1,f(f(X2,X3),X2)),X1)),f(f(X1,f(f(X1,f(f(X2,X3),X2)),X1)),X4))=f(f(f(f(X1,f(f(X2,X3),X2)),X1),f(f(X1,f(f(X2,X3),X2)),X1)),f(f(X1,f(f(X2,X3),X2)),X1))),inference(spm,[status(thm)],[c_0_584,c_0_12])).
cnf(c_0_632, plain, (f(f(f(f(X1,X1),X1),f(f(X1,X1),X1)),f(f(X1,f(f(X1,X1),X1)),X2))=f(f(f(f(X1,X1),X1),f(f(X1,X1),X1)),f(f(X1,X1),X1))),inference(spm,[status(thm)],[c_0_584,c_0_30])).
cnf(c_0_633, plain, (f(f(X1,X1),f(f(f(X1,X1),X1),X4))=f(f(X1,X1),X1)),inference(spm,[status(thm)],[c_0_584,c_0_70])).
cnf(c_0_634, plain, (f(f(X1,X1),f(f(f(X1,X1),X1),X4))=f(f(X1,X1),X1)),inference(spm,[status(thm)],[c_0_584,c_0_234])).
cnf(c_0_635, plain, (f(f(X1,X1),f(f(f(X1,X1),X1),X5))=f(f(X1,X1),X1)),inference(spm,[status(thm)],[c_0_584,c_0_227])).
cnf(c_0_636, plain, (f(f(X1,X1),f(f(f(X1,X1),X1),X3))=f(f(X1,X1),X1)),inference(spm,[status(thm)],[c_0_584,c_0_13])).
cnf(c_0_637, plain, (f(f(f(X1,X1),f(X1,X1)),f(X1,X2))=f(f(f(X1,X1),f(X1,X1)),f(X1,X1))),inference(spm,[status(thm)],[c_0_584,c_0_5])).
cnf(c_0_638, plain, (f(f(f(X1,X2),f(X1,X2)),f(f(f(f(X1,X2),X1),X1),X3))=f(f(f(X1,X2),f(X1,X2)),f(X1,X2))),inference(spm,[status(thm)],[c_0_584,c_0_496])).
cnf(c_0_639, plain, (f(f(X1,X1),f(f(f(X1,X2),X1),f(f(X1,X2),X1)))=f(f(X1,X1),X1)),inference(spm,[status(thm)],[c_0_584,c_0_70])).
cnf(c_0_640, plain, (f(f(X1,X1),f(f(f(X1,X2),X1),f(f(X1,X2),X1)))=f(f(X1,X1),X1)),inference(spm,[status(thm)],[c_0_584,c_0_234])).
cnf(c_0_641, plain, (f(f(X1,X1),f(f(f(X1,X2),X1),f(f(X1,X2),X1)))=f(f(X1,X1),X1)),inference(spm,[status(thm)],[c_0_584,c_0_227])).
cnf(c_0_642, plain, (f(f(X1,X1),f(f(f(X1,X2),X1),f(f(X1,X2),X1)))=f(f(X1,X1),X1)),inference(spm,[status(thm)],[c_0_584,c_0_13])).
cnf(c_0_643, plain, (f(f(X1,X1),f(f(f(X1,X2),X1),f(X1,X2)))=f(f(X1,X1),X1)),inference(spm,[status(thm)],[c_0_584,c_0_302])).
cnf(c_0_644, plain, (f(f(X1,X1),f(f(f(X1,X2),X1),X1))=f(f(X1,X1),X1)),inference(spm,[status(thm)],[c_0_584,c_0_496])).
cnf(c_0_645, plain, (f(X1,f(f(f(f(f(X1,X1),X1),X2),f(f(X1,X1),X1)),X3))=f(X1,f(f(X1,X1),X1))),inference(spm,[status(thm)],[c_0_584,c_0_14])).
cnf(c_0_646, plain, (f(f(f(X1,X2),X1),f(f(f(f(X1,X2),X3),f(X1,X2)),X4))=f(f(f(X1,X2),X1),f(X1,X2))),inference(spm,[status(thm)],[c_0_584,c_0_302])).
cnf(c_0_647, plain, (f(f(f(X1,X1),X1),f(f(f(X1,X2),X3),f(f(X1,X2),X3)))=X1),inference(spm,[status(thm)],[c_0_91,c_0_596])).
cnf(c_0_648, plain, (f(X1,f(f(f(X1,X2),X3),f(f(X1,X2),X3)))=f(X1,X1)),inference(spm,[status(thm)],[c_0_227,c_0_596])).
cnf(c_0_649, plain, (f(f(X1,X1),f(f(f(X1,X2),X1),f(f(X1,X2),X1)))=f(f(X1,X1),X1)),inference(spm,[status(thm)],[c_0_584,c_0_596])).
cnf(c_0_650, plain, (f(X1,f(f(f(f(X1,X2),X1),f(f(X1,X2),X1)),X6))=f(X1,X1)),inference(spm,[status(thm)],[c_0_596,c_0_596])).
cnf(c_0_651, plain, (f(X1,f(f(f(f(X1,X2),X1),X3),f(f(f(X1,X2),X1),X3)))=f(X1,X1)),inference(spm,[status(thm)],[c_0_596,c_0_596])).
cnf(c_0_652, plain, (f(f(f(X1,X1),X1),f(f(X1,X2),f(X1,X2)))=X1),inference(spm,[status(thm)],[c_0_14,c_0_596])).
cnf(c_0_653, plain, (f(f(X1,X1),f(f(X1,X2),f(X1,X2)))=f(f(X1,X1),X1)),inference(spm,[status(thm)],[c_0_188,c_0_596])).
cnf(c_0_654, plain, (f(X1,f(f(X1,X2),f(X1,X2)))=f(X1,X1)),inference(spm,[status(thm)],[c_0_70,c_0_596])).
cnf(c_0_655, plain, (f(f(f(X1,X1),X1),f(f(f(X1,X2),f(X1,X2)),X6))=X1),inference(spm,[status(thm)],[c_0_91,c_0_596])).
cnf(c_0_656, plain, (f(X1,f(f(f(X1,X2),f(X1,X2)),X6))=f(X1,X1)),inference(spm,[status(thm)],[c_0_227,c_0_596])).
cnf(c_0_657, plain, (f(f(f(X1,X1),X1),f(f(f(f(f(X1,X2),X1),X3),X4),X5))=X1),inference(spm,[status(thm)],[c_0_5,c_0_596])).
cnf(c_0_658, plain, (f(X1,f(X1,X1))=f(X1,X1)),inference(spm,[status(thm)],[c_0_13,c_0_596])).
cnf(c_0_659, plain, (f(f(f(X1,X1),X1),f(f(X1,X1),X5))=X1),inference(spm,[status(thm)],[c_0_14,c_0_596])).
cnf(c_0_660, plain, (f(f(f(f(X1,X1),X1),X1),X1)=f(X1,X1)),inference(spm,[status(thm)],[c_0_27,c_0_596])).
cnf(c_0_661, plain, (f(f(X1,X1),f(f(X1,X1),X5))=f(f(X1,X1),X1)),inference(spm,[status(thm)],[c_0_188,c_0_596])).
cnf(c_0_662, plain, (f(X1,f(f(X1,X1),X5))=f(X1,X1)),inference(spm,[status(thm)],[c_0_70,c_0_596])).
cnf(c_0_663, plain, (f(f(f(X1,X1),X1),f(f(f(X1,X1),X5),X6))=X1),inference(spm,[status(thm)],[c_0_91,c_0_596])).
cnf(c_0_664, plain, (f(f(f(f(X1,X1),X1),X1),f(X1,X5))=f(X1,X1)),inference(spm,[status(thm)],[c_0_408,c_0_596])).
cnf(c_0_665, plain, (f(X1,f(f(f(X1,X1),X5),X6))=f(X1,X1)),inference(spm,[status(thm)],[c_0_227,c_0_596])).
cnf(c_0_666, plain, (f(f(X1,X1),f(X1,X5))=f(f(X1,X1),X1)),inference(spm,[status(thm)],[c_0_302,c_0_596])).
cnf(c_0_667, plain, (f(f(f(X1,X1),X1),f(X1,X5))=f(f(f(X1,X1),X1),X1)),inference(spm,[status(thm)],[c_0_496,c_0_596])).
cnf(c_0_668, plain, (f(f(X1,X1),f(f(f(X1,X1),X1),X5))=f(f(X1,X1),X1)),inference(spm,[status(thm)],[c_0_584,c_0_596])).
cnf(c_0_669, plain, (f(X1,f(f(f(f(X1,X1),X1),X5),X6))=f(X1,X1)),inference(spm,[status(thm)],[c_0_596,c_0_596])).
cnf(c_0_670, plain, (f(f(f(X1,X2),X1),f(X2,X2))=X1),inference(spm,[status(thm)],[c_0_5,c_0_596])).
cnf(c_0_671, plain, (f(f(f(X1,f(f(X2,X2),X2)),X1),X2)=X1),inference(spm,[status(thm)],[c_0_12,c_0_596])).
cnf(c_0_672, plain, (f(f(f(f(X1,X2),X1),X1),f(X1,X1))=f(X1,X2)),inference(spm,[status(thm)],[c_0_408,c_0_596])).
cnf(c_0_673, plain, (f(f(X1,X2),f(X1,X1))=f(f(X1,X2),X1)),inference(spm,[status(thm)],[c_0_302,c_0_596])).
cnf(c_0_674, plain, (f(f(f(X1,X2),X1),f(X1,X1))=f(f(f(X1,X2),X1),X1)),inference(spm,[status(thm)],[c_0_496,c_0_596])).
cnf(c_0_675, plain, (f(f(f(X1,X1),X1),f(f(X1,X2),X1))=X1),inference(spm,[status(thm)],[c_0_12,c_0_596])).
cnf(c_0_676, plain, (f(f(f(X1,X1),X1),f(f(f(X1,f(f(X1,X1),X1)),X4),X5))=f(f(f(X1,X1),X1),f(f(X1,X1),X1))),inference(spm,[status(thm)],[c_0_596,c_0_14])).
cnf(c_0_677, plain, (f(f(f(X1,X1),X1),f(f(f(X1,f(f(X1,X1),X1)),X5),X6))=f(f(f(X1,X1),X1),f(f(X1,X1),X1))),inference(spm,[status(thm)],[c_0_596,c_0_91])).
cnf(c_0_678, plain, (f(f(f(X1,X2),X1),f(f(f(X1,f(f(X1,X2),X1)),X4),X5))=f(f(f(X1,X2),X1),f(f(X1,X2),X1))),inference(spm,[status(thm)],[c_0_596,c_0_5])).
cnf(c_0_679, plain, (f(f(f(f(X1,X2),X1),X1),f(f(f(f(X1,X2),f(f(f(X1,X2),X1),X1)),X4),X5))=f(f(f(f(X1,X2),X1),X1),f(f(f(X1,X2),X1),X1))),inference(spm,[status(thm)],[c_0_596,c_0_408])).
cnf(c_0_680, plain, (f(f(f(X1,X2),X1),f(f(f(f(f(f(X1,X2),X1),X1),f(f(X1,X2),X1)),X4),X5))=f(f(f(X1,X2),X1),f(f(X1,X2),X1))),inference(spm,[status(thm)],[c_0_596,c_0_496])).
cnf(c_0_681, plain, (f(f(X1,X1),f(f(f(f(f(X1,X1),X1),f(X1,X1)),X4),X5))=f(f(X1,X1),f(X1,X1))),inference(spm,[status(thm)],[c_0_596,c_0_584])).
cnf(c_0_682, plain, (f(f(X1,X1),f(f(f(f(f(X1,X1),X1),f(X1,X1)),X4),X5))=f(f(X1,X1),f(X1,X1))),inference(spm,[status(thm)],[c_0_596,c_0_188])).
cnf(c_0_683, plain, (f(f(X1,X2),f(f(f(f(f(X1,X2),X1),f(X1,X2)),X4),X5))=f(f(X1,X2),f(X1,X2))),inference(spm,[status(thm)],[c_0_596,c_0_302])).
cnf(c_0_684, plain, (f(f(f(f(X1,X2),X1),X1),f(f(f(f(X1,X2),f(f(f(X1,X2),X1),X1)),X3),X4))=f(f(f(f(X1,X2),X1),X1),f(f(f(X1,X2),X1),X1))),inference(spm,[status(thm)],[c_0_596,c_0_27])).
cnf(c_0_685, plain, (f(f(f(X1,f(f(X2,X3),X2)),X1),f(f(f(X1,f(f(X1,f(f(X2,X3),X2)),X1)),X4),X5))=f(f(f(X1,f(f(X2,X3),X2)),X1),f(f(X1,f(f(X2,X3),X2)),X1))),inference(spm,[status(thm)],[c_0_596,c_0_12])).
cnf(c_0_686, plain, (f(f(f(X1,X1),X1),f(f(f(X1,f(f(X1,X1),X1)),X2),X3))=f(f(f(X1,X1),X1),f(f(X1,X1),X1))),inference(spm,[status(thm)],[c_0_596,c_0_30])).
cnf(c_0_687, plain, (f(X1,f(f(f(f(X1,X1),X1),X4),X5))=f(X1,X1)),inference(spm,[status(thm)],[c_0_596,c_0_70])).
cnf(c_0_688, plain, (f(X1,f(f(f(f(X1,X1),X1),X5),X6))=f(X1,X1)),inference(spm,[status(thm)],[c_0_596,c_0_227])).
cnf(c_0_689, plain, (f(X1,f(f(f(f(X1,X1),X1),X3),X4))=f(X1,X1)),inference(spm,[status(thm)],[c_0_596,c_0_13])).
cnf(c_0_690, plain, (f(f(X1,X1),f(f(X1,X2),X3))=f(f(X1,X1),f(X1,X1))),inference(spm,[status(thm)],[c_0_596,c_0_5])).
cnf(c_0_691, plain, (f(f(X1,X2),f(f(f(f(f(X1,X2),X1),X1),X3),X4))=f(f(X1,X2),f(X1,X2))),inference(spm,[status(thm)],[c_0_596,c_0_496])).
cnf(c_0_692, plain, (f(X1,f(f(f(f(X1,X2),X1),f(f(X1,X2),X1)),X5))=f(X1,X1)),inference(spm,[status(thm)],[c_0_596,c_0_70])).
cnf(c_0_693, plain, (f(X1,f(f(f(f(X1,X2),X1),f(f(X1,X2),X1)),X6))=f(X1,X1)),inference(spm,[status(thm)],[c_0_596,c_0_227])).
cnf(c_0_694, plain, (f(X1,f(f(f(f(X1,X2),X1),f(f(X1,X2),X1)),X4))=f(X1,X1)),inference(spm,[status(thm)],[c_0_596,c_0_13])).
cnf(c_0_695, plain, (f(X1,f(f(f(f(X1,X2),X1),f(X1,X2)),X4))=f(X1,X1)),inference(spm,[status(thm)],[c_0_596,c_0_302])).
cnf(c_0_696, plain, (f(X1,f(X1,X4))=f(X1,X1)),inference(spm,[status(thm)],[c_0_596,c_0_14])).
cnf(c_0_697, plain, (f(X1,f(X1,X5))=f(X1,X1)),inference(spm,[status(thm)],[c_0_596,c_0_91])).
cnf(c_0_698, plain, (f(X1,f(X1,X4))=f(X1,X1)),inference(spm,[status(thm)],[c_0_596,c_0_5])).
cnf(c_0_699, plain, (f(X1,f(f(f(f(X1,X2),X1),X1),X4))=f(X1,X1)),inference(spm,[status(thm)],[c_0_596,c_0_496])).
cnf(c_0_700, plain, (f(X1,f(X1,X4))=f(X1,X1)),inference(spm,[status(thm)],[c_0_596,c_0_12])).
cnf(c_0_701, plain, (f(X1,f(X1,X2))=f(X1,X1)),inference(spm,[status(thm)],[c_0_596,c_0_30])).
cnf(c_0_702, plain, (f(X1,f(f(f(f(X1,X2),X1),X3),f(f(f(X1,X2),X1),X3)))=f(X1,X1)),inference(spm,[status(thm)],[c_0_596,c_0_70])).
cnf(c_0_703, plain, (f(X1,f(f(f(f(X1,X2),X1),X3),f(f(f(X1,X2),X1),X3)))=f(X1,X1)),inference(spm,[status(thm)],[c_0_596,c_0_227])).
cnf(c_0_704, plain, (f(X1,f(f(f(f(X1,X2),X1),X3),f(f(f(X1,X2),X1),X3)))=f(X1,X1)),inference(spm,[status(thm)],[c_0_596,c_0_13])).
cnf(c_0_705, plain, (f(X1,f(f(f(f(X1,X2),X1),f(f(X1,X2),X1)),f(f(X1,X2),X1)))=f(X1,X1)),inference(spm,[status(thm)],[c_0_596,c_0_584])).
cnf(c_0_706, plain, (f(X1,f(f(f(f(X1,X2),X1),f(f(X1,X2),X1)),f(f(X1,X2),X1)))=f(X1,X1)),inference(spm,[status(thm)],[c_0_596,c_0_188])).
cnf(c_0_707, plain, (f(X1,f(f(f(f(X1,X2),X1),X3),f(f(X1,X2),X1)))=f(X1,X1)),inference(spm,[status(thm)],[c_0_596,c_0_302])).
cnf(c_0_708, plain, (f(X1,f(X1,X2))=f(X1,X1)),inference(spm,[status(thm)],[c_0_596,c_0_5])).
cnf(c_0_709, plain, (f(X1,f(X1,X2))=f(X1,X1)),inference(spm,[status(thm)],[c_0_596,c_0_408])).
cnf(c_0_710, plain, (f(X1,f(f(f(f(X1,X2),X1),f(X1,X2)),f(X1,X2)))=f(X1,X1)),inference(spm,[status(thm)],[c_0_596,c_0_496])).
cnf(c_0_711, plain, (f(X1,f(X1,X2))=f(X1,X1)),inference(spm,[status(thm)],[c_0_596,c_0_27])).
cnf(c_0_712, plain, (f(f(f(X1,X2),X1),f(f(f(X1,X2),X1),X3))=f(f(f(X1,X2),X1),f(f(X1,X2),X1))),inference(spm,[status(thm)],[c_0_596,c_0_12])).
cnf(c_0_713, plain, (f(f(f(X1,X2),f(f(f(X1,X2),X1),X1)),f(f(f(X1,X2),X1),X3))=f(f(f(X1,X2),X1),X1)),inference(spm,[status(thm)],[c_0_5,c_0_445])).
cnf(c_0_714, plain, (f(f(f(f(X1,X2),X1),X1),f(X1,X2))=f(f(f(f(X1,X2),X1),X1),f(f(f(X1,X2),X1),X1))),inference(spm,[status(thm)],[c_0_13,c_0_445])).
cnf(c_0_715, plain, (f(f(f(f(f(f(X1,X2),X1),X1),f(f(f(X1,X2),X1),X1)),f(f(f(X1,X2),X1),X1)),f(f(X1,X2),X3))=f(f(f(X1,X2),X1),X1)),inference(spm,[status(thm)],[c_0_14,c_0_445])).
cnf(c_0_716, plain, (f(f(f(f(X1,X2),f(f(f(X1,X2),X1),X1)),f(f(f(X1,X2),X1),X1)),f(f(f(X1,X2),X1),X1))=f(X1,X2)),inference(spm,[status(thm)],[c_0_27,c_0_445])).
cnf(c_0_717, plain, (f(f(f(f(f(X1,X2),X1),X1),f(f(f(X1,X2),X1),X1)),f(f(X1,X2),X3))=f(f(f(f(f(X1,X2),X1),X1),f(f(f(X1,X2),X1),X1)),f(f(f(X1,X2),X1),X1))),inference(spm,[status(thm)],[c_0_188,c_0_445])).
cnf(c_0_718, plain, (f(f(f(f(X1,X2),X1),X1),f(f(X1,X2),X3))=f(f(f(f(X1,X2),X1),X1),f(f(f(X1,X2),X1),X1))),inference(spm,[status(thm)],[c_0_70,c_0_445])).
cnf(c_0_719, plain, (f(f(f(f(f(f(X1,X2),X1),X1),f(f(f(X1,X2),X1),X1)),f(f(f(X1,X2),X1),X1)),f(f(f(X1,X2),X3),X4))=f(f(f(X1,X2),X1),X1)),inference(spm,[status(thm)],[c_0_91,c_0_445])).
cnf(c_0_720, plain, (f(f(f(f(X1,X2),f(f(f(X1,X2),X1),X1)),f(f(f(X1,X2),X1),X1)),f(f(f(f(X1,X2),X1),X1),X3))=f(X1,X2)),inference(spm,[status(thm)],[c_0_408,c_0_445])).
cnf(c_0_721, plain, (f(f(f(f(X1,X2),X1),X1),f(f(f(X1,X2),X3),X4))=f(f(f(f(X1,X2),X1),X1),f(f(f(X1,X2),X1),X1))),inference(spm,[status(thm)],[c_0_227,c_0_445])).
cnf(c_0_722, plain, (f(f(X1,X2),f(f(f(f(X1,X2),X1),X1),X3))=f(f(X1,X2),f(f(f(X1,X2),X1),X1))),inference(spm,[status(thm)],[c_0_302,c_0_445])).
cnf(c_0_723, plain, (f(f(f(f(X1,X2),f(f(f(X1,X2),X1),X1)),f(f(f(X1,X2),X1),X1)),f(f(X1,X2),f(f(f(X1,X2),X1),X1)))=f(X1,X2)),inference(spm,[status(thm)],[c_0_445,c_0_445])).
cnf(c_0_724, plain, (f(f(f(X1,X2),f(f(f(X1,X2),X1),X1)),f(f(f(f(X1,X2),X1),X1),X3))=f(f(f(X1,X2),f(f(f(X1,X2),X1),X1)),f(f(f(X1,X2),X1),X1))),inference(spm,[status(thm)],[c_0_496,c_0_445])).
cnf(c_0_725, plain, (f(f(f(f(f(X1,X2),X1),X1),f(f(f(X1,X2),X1),X1)),f(f(f(X1,X2),f(f(f(X1,X2),X1),X1)),X3))=f(f(f(f(f(X1,X2),X1),X1),f(f(f(X1,X2),X1),X1)),f(f(f(X1,X2),X1),X1))),inference(spm,[status(thm)],[c_0_584,c_0_445])).
cnf(c_0_726, plain, (f(f(f(f(X1,X2),X1),X1),f(f(f(f(X1,X2),f(f(f(X1,X2),X1),X1)),X3),X4))=f(f(f(f(X1,X2),X1),X1),f(f(f(X1,X2),X1),X1))),inference(spm,[status(thm)],[c_0_596,c_0_445])).
cnf(c_0_727, plain, (f(f(f(X1,f(f(f(X2,X3),X2),X2)),X1),f(X2,X3))=X1),inference(spm,[status(thm)],[c_0_5,c_0_445])).
cnf(c_0_728, plain, (f(f(f(X1,f(f(X2,X3),f(f(f(X2,X3),X2),X2))),X1),f(f(f(X2,X3),X2),X2))=X1),inference(spm,[status(thm)],[c_0_12,c_0_445])).
cnf(c_0_729, plain, (f(f(f(f(f(f(f(X1,X2),X1),X1),X3),f(f(f(X1,X2),X1),X1)),f(f(f(X1,X2),X1),X1)),f(X1,X2))=f(f(f(f(X1,X2),X1),X1),X3)),inference(spm,[status(thm)],[c_0_408,c_0_445])).
cnf(c_0_730, plain, (f(f(f(f(f(X1,X2),X1),X1),X3),f(X1,X2))=f(f(f(f(f(X1,X2),X1),X1),X3),f(f(f(X1,X2),X1),X1))),inference(spm,[status(thm)],[c_0_302,c_0_445])).
cnf(c_0_731, plain, (f(f(f(f(f(f(X1,X2),X1),X1),X3),f(f(f(X1,X2),X1),X1)),f(X1,X2))=f(f(f(f(f(f(X1,X2),X1),X1),X3),f(f(f(X1,X2),X1),X1)),f(f(f(X1,X2),X1),X1))),inference(spm,[status(thm)],[c_0_496,c_0_445])).
cnf(c_0_732, plain, (f(f(f(X1,X2),f(f(f(X1,X2),X1),X1)),X1)=f(f(f(X1,X2),X1),X1)),inference(spm,[status(thm)],[c_0_12,c_0_445])).
cnf(c_0_733, plain, (f(f(f(f(X1,X2),X1),X3),X1)=f(f(f(f(X1,X2),X1),X3),f(f(X1,X2),X1))),inference(spm,[status(thm)],[c_0_12,c_0_445])).
cnf(c_0_734, plain, (f(f(X1,X2),f(X1,X3))=f(f(X1,X2),X1)),inference(spm,[status(thm)],[c_0_5,c_0_445])).
cnf(c_0_735, plain, (f(f(f(X1,X2),f(f(X1,X2),X1)),f(f(X1,X2),X1))=f(f(f(X1,X2),X1),X1)),inference(spm,[status(thm)],[c_0_27,c_0_445])).
cnf(c_0_736, plain, (f(f(f(X1,X2),f(f(X1,X2),X1)),f(f(f(X1,X2),X1),X3))=f(f(f(X1,X2),X1),X1)),inference(spm,[status(thm)],[c_0_408,c_0_445])).
cnf(c_0_737, plain, (f(f(f(X1,X2),f(f(X1,X2),X1)),f(X1,X2))=f(f(f(X1,X2),X1),X1)),inference(spm,[status(thm)],[c_0_445,c_0_445])).
cnf(c_0_738, plain, (f(f(X1,X2),f(f(f(X1,X2),X1),X3))=f(f(X1,X2),f(f(X1,X2),X1))),inference(spm,[status(thm)],[c_0_496,c_0_445])).
cnf(c_0_739, plain, (f(f(f(f(X1,X2),X1),f(f(X1,X2),X1)),f(f(X1,X2),X3))=f(f(f(f(X1,X2),X1),f(f(X1,X2),X1)),f(f(X1,X2),X1))),inference(spm,[status(thm)],[c_0_584,c_0_445])).
cnf(c_0_740, plain, (f(f(f(X1,X2),X1),f(f(f(X1,X2),X3),X4))=f(f(f(X1,X2),X1),f(f(X1,X2),X1))),inference(spm,[status(thm)],[c_0_596,c_0_445])).
cnf(c_0_741, plain, (f(f(f(X1,f(X2,X3)),X1),f(f(X2,X3),X2))=X1),inference(spm,[status(thm)],[c_0_12,c_0_445])).
cnf(c_0_742, plain, (f(f(f(f(f(X1,X2),X1),f(f(X1,X2),X1)),f(f(X1,X2),X1)),f(X1,X2))=f(f(X1,X2),X1)),inference(spm,[status(thm)],[c_0_14,c_0_445])).
cnf(c_0_743, plain, (f(f(f(f(X1,X2),X1),f(f(X1,X2),X1)),f(X1,X2))=f(f(f(f(X1,X2),X1),f(f(X1,X2),X1)),f(f(X1,X2),X1))),inference(spm,[status(thm)],[c_0_188,c_0_445])).
cnf(c_0_744, plain, (f(f(f(X1,X2),X1),f(X1,X2))=f(f(f(X1,X2),X1),f(f(X1,X2),X1))),inference(spm,[status(thm)],[c_0_70,c_0_445])).
cnf(c_0_745, plain, (f(f(f(f(f(X1,X2),X1),f(f(X1,X2),X1)),f(f(X1,X2),X1)),f(f(X1,X2),X3))=f(f(X1,X2),X1)),inference(spm,[status(thm)],[c_0_91,c_0_445])).
cnf(c_0_746, plain, (f(f(f(X1,X2),X1),f(f(X1,X2),X3))=f(f(f(X1,X2),X1),f(f(X1,X2),X1))),inference(spm,[status(thm)],[c_0_227,c_0_445])).
cnf(c_0_747, plain, (f(f(f(f(X1,X2),f(X1,X2)),f(X1,X2)),f(X1,X2))=f(X1,X2)),inference(spm,[status(thm)],[c_0_91,c_0_445])).
cnf(c_0_748, plain, (f(X1,f(X1,X2))=f(X1,X1)),inference(spm,[status(thm)],[c_0_596,c_0_445])).
cnf(c_0_749, plain, (f(f(f(X1,f(f(X1,X1),X1)),f(f(X1,X1),X1)),f(X1,f(f(X1,X1),X1)))=X1),inference(spm,[status(thm)],[c_0_445,c_0_14])).
cnf(c_0_750, plain, (f(f(f(X1,f(f(X1,X1),X1)),f(f(X1,X1),X1)),f(X1,f(f(X1,X1),X1)))=X1),inference(spm,[status(thm)],[c_0_445,c_0_91])).
cnf(c_0_751, plain, (f(f(f(X1,f(f(X1,X2),X1)),f(f(X1,X2),X1)),f(X1,f(f(X1,X2),X1)))=X1),inference(spm,[status(thm)],[c_0_445,c_0_5])).
cnf(c_0_752, plain, (f(f(f(f(X1,X2),f(f(f(X1,X2),X1),X1)),f(f(f(X1,X2),X1),X1)),f(f(X1,X2),f(f(f(X1,X2),X1),X1)))=f(X1,X2)),inference(spm,[status(thm)],[c_0_445,c_0_408])).
cnf(c_0_753, plain, (f(f(f(f(f(f(X1,X2),X1),X1),f(f(X1,X2),X1)),f(f(X1,X2),X1)),f(f(f(f(X1,X2),X1),X1),f(f(X1,X2),X1)))=f(f(f(X1,X2),X1),X1)),inference(spm,[status(thm)],[c_0_445,c_0_496])).
cnf(c_0_754, plain, (f(f(f(f(f(X1,X1),X1),f(X1,X1)),f(X1,X1)),f(f(f(X1,X1),X1),f(X1,X1)))=f(f(X1,X1),X1)),inference(spm,[status(thm)],[c_0_445,c_0_584])).
cnf(c_0_755, plain, (f(f(f(f(f(X1,X1),X1),f(X1,X1)),f(X1,X1)),f(f(f(X1,X1),X1),f(X1,X1)))=f(f(X1,X1),X1)),inference(spm,[status(thm)],[c_0_445,c_0_188])).
cnf(c_0_756, plain, (f(f(f(f(f(X1,X2),X1),f(X1,X2)),f(X1,X2)),f(f(f(X1,X2),X1),f(X1,X2)))=f(f(X1,X2),X1)),inference(spm,[status(thm)],[c_0_445,c_0_302])).
cnf(c_0_757, plain, (f(f(f(f(X1,X2),f(f(f(X1,X2),X1),X1)),f(f(f(X1,X2),X1),X1)),f(f(X1,X2),f(f(f(X1,X2),X1),X1)))=f(X1,X2)),inference(spm,[status(thm)],[c_0_445,c_0_27])).
cnf(c_0_758, plain, (f(f(f(X1,f(f(X1,f(f(X2,X3),X2)),X1)),f(f(X1,f(f(X2,X3),X2)),X1)),f(X1,f(f(X1,f(f(X2,X3),X2)),X1)))=X1),inference(spm,[status(thm)],[c_0_445,c_0_12])).
cnf(c_0_759, plain, (f(f(f(X1,f(f(X1,X1),X1)),f(f(X1,X1),X1)),f(X1,f(f(X1,X1),X1)))=X1),inference(spm,[status(thm)],[c_0_445,c_0_30])).
cnf(c_0_760, plain, (f(f(f(f(X1,X1),X1),X1),f(f(X1,X1),X1))=f(X1,X1)),inference(spm,[status(thm)],[c_0_445,c_0_596])).
cnf(c_0_761, plain, (f(f(f(f(X1,X1),X1),X1),f(f(X1,X1),X1))=f(X1,X1)),inference(spm,[status(thm)],[c_0_445,c_0_70])).
cnf(c_0_762, plain, (f(f(f(f(X1,X1),X1),X1),f(f(X1,X1),X1))=f(X1,X1)),inference(spm,[status(thm)],[c_0_445,c_0_227])).
cnf(c_0_763, plain, (f(f(f(f(X1,X1),X1),X1),f(f(X1,X1),X1))=f(X1,X1)),inference(spm,[status(thm)],[c_0_445,c_0_13])).
cnf(c_0_764, plain, (f(f(X1,f(X1,X1)),X1)=f(f(X1,X1),X1)),inference(spm,[status(thm)],[c_0_445,c_0_5])).
cnf(c_0_765, plain, (f(f(f(f(f(X1,X2),X1),X1),f(X1,X2)),f(f(f(X1,X2),X1),X1))=f(f(X1,X2),X1)),inference(spm,[status(thm)],[c_0_445,c_0_496])).
cnf(c_0_766, plain, (f(f(f(X1,f(f(X1,X1),X1)),f(f(X1,X1),X1)),f(X1,f(f(X1,X1),X1)))=X1),inference(spm,[status(thm)],[c_0_445,c_0_14])).
cnf(c_0_767, plain, (f(f(f(X1,f(f(X1,X1),X1)),f(f(X1,X1),X1)),f(X1,f(f(X1,X1),X1)))=X1),inference(spm,[status(thm)],[c_0_445,c_0_91])).
cnf(c_0_768, plain, (f(f(f(X1,f(f(X1,X2),X1)),f(f(X1,X2),X1)),f(X1,f(f(X1,X2),X1)))=X1),inference(spm,[status(thm)],[c_0_445,c_0_5])).
cnf(c_0_769, plain, (f(f(f(f(X1,X2),f(f(f(X1,X2),X1),X1)),f(f(f(X1,X2),X1),X1)),f(f(X1,X2),f(f(f(X1,X2),X1),X1)))=f(X1,X2)),inference(spm,[status(thm)],[c_0_445,c_0_408])).
cnf(c_0_770, plain, (f(f(f(f(f(f(X1,X2),X1),X1),f(f(X1,X2),X1)),f(f(X1,X2),X1)),f(f(f(f(X1,X2),X1),X1),f(f(X1,X2),X1)))=f(f(f(X1,X2),X1),X1)),inference(spm,[status(thm)],[c_0_445,c_0_496])).
cnf(c_0_771, plain, (f(f(f(f(f(X1,X1),X1),f(X1,X1)),f(X1,X1)),f(f(f(X1,X1),X1),f(X1,X1)))=f(f(X1,X1),X1)),inference(spm,[status(thm)],[c_0_445,c_0_584])).
cnf(c_0_772, plain, (f(f(f(f(f(X1,X1),X1),f(X1,X1)),f(X1,X1)),f(f(f(X1,X1),X1),f(X1,X1)))=f(f(X1,X1),X1)),inference(spm,[status(thm)],[c_0_445,c_0_188])).
cnf(c_0_773, plain, (f(f(f(f(f(X1,X2),X1),f(X1,X2)),f(X1,X2)),f(f(f(X1,X2),X1),f(X1,X2)))=f(f(X1,X2),X1)),inference(spm,[status(thm)],[c_0_445,c_0_302])).
cnf(c_0_774, plain, (f(f(f(f(X1,X2),f(f(f(X1,X2),X1),X1)),f(f(f(X1,X2),X1),X1)),f(f(X1,X2),f(f(f(X1,X2),X1),X1)))=f(X1,X2)),inference(spm,[status(thm)],[c_0_445,c_0_27])).
cnf(c_0_775, plain, (f(f(f(X1,f(f(X1,f(f(X2,X3),X2)),X1)),f(f(X1,f(f(X2,X3),X2)),X1)),f(X1,f(f(X1,f(f(X2,X3),X2)),X1)))=X1),inference(spm,[status(thm)],[c_0_445,c_0_12])).
cnf(c_0_776, plain, (f(f(f(X1,f(f(X1,X1),X1)),f(f(X1,X1),X1)),f(X1,f(f(X1,X1),X1)))=X1),inference(spm,[status(thm)],[c_0_445,c_0_30])).
cnf(c_0_777, plain, (f(f(f(f(X1,X1),X1),X1),f(f(X1,X1),X1))=f(X1,X1)),inference(spm,[status(thm)],[c_0_445,c_0_596])).
cnf(c_0_778, plain, (f(f(f(f(X1,X1),X1),X1),f(f(X1,X1),X1))=f(X1,X1)),inference(spm,[status(thm)],[c_0_445,c_0_70])).
cnf(c_0_779, plain, (f(f(f(f(X1,X1),X1),X1),f(f(X1,X1),X1))=f(X1,X1)),inference(spm,[status(thm)],[c_0_445,c_0_227])).
cnf(c_0_780, plain, (f(f(f(f(X1,X1),X1),X1),f(f(X1,X1),X1))=f(X1,X1)),inference(spm,[status(thm)],[c_0_445,c_0_13])).
cnf(c_0_781, plain, (f(f(X1,f(X1,X1)),X1)=f(f(X1,X1),X1)),inference(spm,[status(thm)],[c_0_445,c_0_5])).
cnf(c_0_782, plain, (f(f(f(f(f(X1,X2),X1),X1),f(X1,X2)),f(f(f(X1,X2),X1),X1))=f(f(X1,X2),X1)),inference(spm,[status(thm)],[c_0_445,c_0_496])).
cnf(c_0_783, plain, (f(f(X1,X2),f(f(f(X1,X2),X1),f(X1,X2)))=f(f(X1,X2),X1)),inference(spm,[status(thm)],[c_0_445,c_0_5])).
cnf(c_0_784, plain, (f(X1,f(f(X1,f(f(X1,X2),X1)),X1))=f(X1,f(f(X1,X2),X1))),inference(spm,[status(thm)],[c_0_445,c_0_12])).
cnf(c_0_785, plain, (f(X1,f(f(X1,X1),X1))=f(X1,X1)),inference(spm,[status(thm)],[c_0_445,c_0_30])).
cnf(c_0_786, plain, (f(f(f(X1,X2),f(f(f(X1,X2),X1),X1)),f(f(f(X1,X2),X3),X4))=f(f(f(X1,X2),X1),X1)),inference(spm,[status(thm)],[c_0_5,c_0_556])).
cnf(c_0_787, plain, (f(f(f(f(X1,X2),X1),X1),f(X1,X2))=f(f(f(f(X1,X2),X1),X1),f(f(f(X1,X2),X1),X1))),inference(spm,[status(thm)],[c_0_13,c_0_556])).
cnf(c_0_788, plain, (f(f(f(f(f(f(X1,X2),X1),X1),f(f(f(X1,X2),X1),X1)),f(f(f(X1,X2),X1),X1)),f(f(X1,X2),X4))=f(f(f(X1,X2),X1),X1)),inference(spm,[status(thm)],[c_0_14,c_0_556])).
cnf(c_0_789, plain, (f(f(f(f(X1,X2),f(f(f(X1,X2),X1),X1)),f(f(f(X1,X2),X1),X1)),f(f(f(X1,X2),X1),X1))=f(X1,X2)),inference(spm,[status(thm)],[c_0_27,c_0_556])).
cnf(c_0_790, plain, (f(f(f(f(f(X1,X2),X1),X1),f(f(f(X1,X2),X1),X1)),f(f(X1,X2),X4))=f(f(f(f(f(X1,X2),X1),X1),f(f(f(X1,X2),X1),X1)),f(f(f(X1,X2),X1),X1))),inference(spm,[status(thm)],[c_0_188,c_0_556])).
cnf(c_0_791, plain, (f(f(f(f(X1,X2),X1),X1),f(f(X1,X2),X4))=f(f(f(f(X1,X2),X1),X1),f(f(f(X1,X2),X1),X1))),inference(spm,[status(thm)],[c_0_70,c_0_556])).
cnf(c_0_792, plain, (f(f(f(f(f(f(X1,X2),X1),X1),f(f(f(X1,X2),X1),X1)),f(f(f(X1,X2),X1),X1)),f(f(f(X1,X2),X4),X5))=f(f(f(X1,X2),X1),X1)),inference(spm,[status(thm)],[c_0_91,c_0_556])).
cnf(c_0_793, plain, (f(f(f(f(X1,X2),f(f(f(X1,X2),X1),X1)),f(f(f(X1,X2),X1),X1)),f(f(f(f(X1,X2),X1),X1),X4))=f(X1,X2)),inference(spm,[status(thm)],[c_0_408,c_0_556])).
cnf(c_0_794, plain, (f(f(f(f(X1,X2),X1),X1),f(f(f(X1,X2),X4),X5))=f(f(f(f(X1,X2),X1),X1),f(f(f(X1,X2),X1),X1))),inference(spm,[status(thm)],[c_0_227,c_0_556])).
cnf(c_0_795, plain, (f(f(X1,X2),f(f(f(f(X1,X2),X1),X1),X4))=f(f(X1,X2),f(f(f(X1,X2),X1),X1))),inference(spm,[status(thm)],[c_0_302,c_0_556])).
cnf(c_0_796, plain, (f(f(f(f(X1,X2),f(f(f(X1,X2),X1),X1)),f(f(f(X1,X2),X1),X1)),f(f(X1,X2),X4))=f(X1,X2)),inference(spm,[status(thm)],[c_0_556,c_0_556])).
cnf(c_0_797, plain, (f(f(f(X1,X2),f(f(f(X1,X2),X1),X1)),f(f(f(f(X1,X2),X1),X1),X4))=f(f(f(X1,X2),f(f(f(X1,X2),X1),X1)),f(f(f(X1,X2),X1),X1))),inference(spm,[status(thm)],[c_0_496,c_0_556])).
cnf(c_0_798, plain, (f(f(f(f(f(X1,X2),X1),X1),f(f(f(X1,X2),X1),X1)),f(f(f(X1,X2),f(f(f(X1,X2),X1),X1)),X4))=f(f(f(f(f(X1,X2),X1),X1),f(f(f(X1,X2),X1),X1)),f(f(f(X1,X2),X1),X1))),inference(spm,[status(thm)],[c_0_584,c_0_556])).
cnf(c_0_799, plain, (f(f(f(f(X1,X2),X1),X1),f(f(f(f(X1,X2),f(f(f(X1,X2),X1),X1)),X4),X5))=f(f(f(f(X1,X2),X1),X1),f(f(f(X1,X2),X1),X1))),inference(spm,[status(thm)],[c_0_596,c_0_556])).
cnf(c_0_800, plain, (f(f(f(X1,f(f(f(X2,X3),X2),X2)),X1),f(X2,X3))=X1),inference(spm,[status(thm)],[c_0_5,c_0_556])).
cnf(c_0_801, plain, (f(f(f(X1,f(f(X2,X3),f(f(f(X2,X3),X2),X2))),X1),f(f(f(X2,X3),X2),X2))=X1),inference(spm,[status(thm)],[c_0_12,c_0_556])).
cnf(c_0_802, plain, (f(f(f(f(f(f(f(X1,X2),X1),X1),X3),f(f(f(X1,X2),X1),X1)),f(f(f(X1,X2),X1),X1)),f(X1,X2))=f(f(f(f(X1,X2),X1),X1),X3)),inference(spm,[status(thm)],[c_0_408,c_0_556])).
cnf(c_0_803, plain, (f(f(f(f(f(X1,X2),X1),X1),X3),f(X1,X2))=f(f(f(f(f(X1,X2),X1),X1),X3),f(f(f(X1,X2),X1),X1))),inference(spm,[status(thm)],[c_0_302,c_0_556])).
cnf(c_0_804, plain, (f(f(f(f(f(f(X1,X2),X1),X1),X3),f(f(f(X1,X2),X1),X1)),f(X1,X2))=f(f(f(f(f(f(X1,X2),X1),X1),X3),f(f(f(X1,X2),X1),X1)),f(f(f(X1,X2),X1),X1))),inference(spm,[status(thm)],[c_0_496,c_0_556])).
cnf(c_0_805, plain, (f(f(f(X1,X2),f(f(f(X1,X2),X1),X1)),X1)=f(f(f(X1,X2),X1),X1)),inference(spm,[status(thm)],[c_0_12,c_0_556])).
cnf(c_0_806, plain, (f(f(f(f(X1,X2),X1),X3),X1)=f(f(f(f(X1,X2),X1),X3),f(f(X1,X2),X1))),inference(spm,[status(thm)],[c_0_12,c_0_556])).
cnf(c_0_807, plain, (f(f(X1,X2),f(X1,X3))=f(f(X1,X2),X1)),inference(spm,[status(thm)],[c_0_5,c_0_556])).
cnf(c_0_808, plain, (f(f(f(X1,X2),f(f(X1,X2),X1)),f(f(X1,X2),X1))=f(f(f(X1,X2),X1),X1)),inference(spm,[status(thm)],[c_0_27,c_0_556])).
cnf(c_0_809, plain, (f(f(f(X1,X2),f(f(X1,X2),X1)),f(f(f(X1,X2),X1),X3))=f(f(f(X1,X2),X1),X1)),inference(spm,[status(thm)],[c_0_408,c_0_556])).
cnf(c_0_810, plain, (f(f(f(X1,X2),f(f(X1,X2),X1)),f(f(f(f(X1,X2),X1),X1),X3))=f(f(f(X1,X2),X1),X1)),inference(spm,[status(thm)],[c_0_556,c_0_556])).
cnf(c_0_811, plain, (f(f(X1,X2),f(f(f(X1,X2),X1),X3))=f(f(X1,X2),f(f(X1,X2),X1))),inference(spm,[status(thm)],[c_0_496,c_0_556])).
cnf(c_0_812, plain, (f(f(f(f(X1,X2),X1),f(f(X1,X2),X1)),f(f(X1,X2),X3))=f(f(f(f(X1,X2),X1),f(f(X1,X2),X1)),f(f(X1,X2),X1))),inference(spm,[status(thm)],[c_0_584,c_0_556])).
cnf(c_0_813, plain, (f(f(f(X1,X2),X1),f(f(f(X1,X2),X3),X4))=f(f(f(X1,X2),X1),f(f(X1,X2),X1))),inference(spm,[status(thm)],[c_0_596,c_0_556])).
cnf(c_0_814, plain, (f(f(f(X1,f(X2,X3)),X1),f(f(X2,X3),X2))=X1),inference(spm,[status(thm)],[c_0_12,c_0_556])).
cnf(c_0_815, plain, (f(f(f(f(f(X1,X2),X1),f(f(X1,X2),X1)),f(f(X1,X2),X1)),f(X1,X2))=f(f(X1,X2),X1)),inference(spm,[status(thm)],[c_0_14,c_0_556])).
cnf(c_0_816, plain, (f(f(f(f(X1,X2),X1),f(f(X1,X2),X1)),f(X1,X2))=f(f(f(f(X1,X2),X1),f(f(X1,X2),X1)),f(f(X1,X2),X1))),inference(spm,[status(thm)],[c_0_188,c_0_556])).
cnf(c_0_817, plain, (f(f(f(X1,X2),X1),f(X1,X2))=f(f(f(X1,X2),X1),f(f(X1,X2),X1))),inference(spm,[status(thm)],[c_0_70,c_0_556])).
cnf(c_0_818, plain, (f(f(f(f(f(X1,X2),X1),f(f(X1,X2),X1)),f(f(X1,X2),X1)),f(f(X1,X2),X4))=f(f(X1,X2),X1)),inference(spm,[status(thm)],[c_0_91,c_0_556])).
cnf(c_0_819, plain, (f(f(f(X1,X2),X1),f(f(X1,X2),X4))=f(f(f(X1,X2),X1),f(f(X1,X2),X1))),inference(spm,[status(thm)],[c_0_227,c_0_556])).
cnf(c_0_820, plain, (f(f(f(f(f(f(X1,X2),X1),X1),f(f(X1,X2),X1)),f(f(X1,X2),X1)),f(X1,X2))=f(f(f(X1,X2),X1),X1)),inference(spm,[status(thm)],[c_0_556,c_0_556])).
cnf(c_0_821, plain, (f(f(f(f(X1,X2),f(X1,X2)),f(X1,X2)),f(X1,X2))=f(X1,X2)),inference(spm,[status(thm)],[c_0_91,c_0_556])).
cnf(c_0_822, plain, (f(X1,f(X1,X2))=f(X1,X1)),inference(spm,[status(thm)],[c_0_596,c_0_556])).
cnf(c_0_823, plain, (f(f(f(X1,f(f(X1,X1),X1)),f(f(X1,X1),X1)),f(X1,X4))=X1),inference(spm,[status(thm)],[c_0_556,c_0_14])).
cnf(c_0_824, plain, (f(f(f(X1,f(f(X1,X1),X1)),f(f(X1,X1),X1)),f(X1,X5))=X1),inference(spm,[status(thm)],[c_0_556,c_0_91])).
cnf(c_0_825, plain, (f(f(f(X1,f(f(X1,X2),X1)),f(f(X1,X2),X1)),f(X1,X4))=X1),inference(spm,[status(thm)],[c_0_556,c_0_5])).
cnf(c_0_826, plain, (f(f(f(f(X1,X2),f(f(f(X1,X2),X1),X1)),f(f(f(X1,X2),X1),X1)),f(f(X1,X2),X4))=f(X1,X2)),inference(spm,[status(thm)],[c_0_556,c_0_408])).
cnf(c_0_827, plain, (f(f(f(f(f(f(X1,X2),X1),X1),f(f(X1,X2),X1)),f(f(X1,X2),X1)),f(f(f(f(X1,X2),X1),X1),X4))=f(f(f(X1,X2),X1),X1)),inference(spm,[status(thm)],[c_0_556,c_0_496])).
cnf(c_0_828, plain, (f(f(f(f(f(X1,X1),X1),f(X1,X1)),f(X1,X1)),f(f(f(X1,X1),X1),X4))=f(f(X1,X1),X1)),inference(spm,[status(thm)],[c_0_556,c_0_584])).
cnf(c_0_829, plain, (f(f(f(f(f(X1,X1),X1),f(X1,X1)),f(X1,X1)),f(f(f(X1,X1),X1),X4))=f(f(X1,X1),X1)),inference(spm,[status(thm)],[c_0_556,c_0_188])).
cnf(c_0_830, plain, (f(f(f(f(f(X1,X2),X1),f(X1,X2)),f(X1,X2)),f(f(f(X1,X2),X1),X4))=f(f(X1,X2),X1)),inference(spm,[status(thm)],[c_0_556,c_0_302])).
cnf(c_0_831, plain, (f(f(f(f(X1,X2),f(f(f(X1,X2),X1),X1)),f(f(f(X1,X2),X1),X1)),f(f(X1,X2),X3))=f(X1,X2)),inference(spm,[status(thm)],[c_0_556,c_0_27])).
cnf(c_0_832, plain, (f(f(f(X1,f(f(X1,f(f(X2,X3),X2)),X1)),f(f(X1,f(f(X2,X3),X2)),X1)),f(X1,X4))=X1),inference(spm,[status(thm)],[c_0_556,c_0_12])).
cnf(c_0_833, plain, (f(f(f(X1,f(f(X1,X1),X1)),f(f(X1,X1),X1)),f(X1,X2))=X1),inference(spm,[status(thm)],[c_0_556,c_0_30])).
cnf(c_0_834, plain, (f(f(f(f(X1,X1),X1),X1),f(f(X1,X1),X5))=f(X1,X1)),inference(spm,[status(thm)],[c_0_556,c_0_596])).
cnf(c_0_835, plain, (f(f(f(f(X1,X1),X1),X1),f(f(X1,X1),X4))=f(X1,X1)),inference(spm,[status(thm)],[c_0_556,c_0_70])).
cnf(c_0_836, plain, (f(f(f(f(X1,X1),X1),X1),f(f(X1,X1),X5))=f(X1,X1)),inference(spm,[status(thm)],[c_0_556,c_0_227])).
cnf(c_0_837, plain, (f(f(f(f(X1,X1),X1),X1),f(f(X1,X1),X3))=f(X1,X1)),inference(spm,[status(thm)],[c_0_556,c_0_13])).
cnf(c_0_838, plain, (f(f(f(f(X1,X2),X1),X1),f(f(X1,X2),f(X1,X2)))=f(X1,X2)),inference(spm,[status(thm)],[c_0_556,c_0_596])).
cnf(c_0_839, plain, (f(f(f(f(X1,X2),X1),X1),f(f(X1,X2),f(X1,X2)))=f(X1,X2)),inference(spm,[status(thm)],[c_0_556,c_0_70])).
cnf(c_0_840, plain, (f(f(f(f(X1,X2),X1),X1),f(f(X1,X2),f(X1,X2)))=f(X1,X2)),inference(spm,[status(thm)],[c_0_556,c_0_227])).
cnf(c_0_841, plain, (f(f(f(f(X1,X2),X1),X1),f(f(X1,X2),f(X1,X2)))=f(X1,X2)),inference(spm,[status(thm)],[c_0_556,c_0_13])).
cnf(c_0_842, plain, (f(f(f(f(f(X1,X1),X1),f(X1,X1)),f(X1,X1)),X1)=f(f(X1,X1),X1)),inference(spm,[status(thm)],[c_0_556,c_0_14])).
cnf(c_0_843, plain, (f(f(f(f(f(X1,X1),X1),f(X1,X1)),f(X1,X1)),X1)=f(f(X1,X1),X1)),inference(spm,[status(thm)],[c_0_556,c_0_91])).
cnf(c_0_844, plain, (f(f(f(f(f(X1,X2),X1),f(X1,X2)),f(X1,X2)),X1)=f(f(X1,X2),X1)),inference(spm,[status(thm)],[c_0_556,c_0_5])).
cnf(c_0_845, plain, (f(f(f(f(f(f(X1,X2),X1),X1),f(f(X1,X2),X1)),f(f(X1,X2),X1)),f(X1,X2))=f(f(f(X1,X2),X1),X1)),inference(spm,[status(thm)],[c_0_556,c_0_408])).
cnf(c_0_846, plain, (f(f(f(f(f(X1,X2),X1),f(X1,X2)),f(X1,X2)),f(f(f(X1,X2),X1),X1))=f(f(X1,X2),X1)),inference(spm,[status(thm)],[c_0_556,c_0_496])).
cnf(c_0_847, plain, (f(f(f(f(X1,X1),X1),X1),f(f(X1,X1),X1))=f(X1,X1)),inference(spm,[status(thm)],[c_0_556,c_0_584])).
cnf(c_0_848, plain, (f(f(f(f(X1,X1),X1),X1),f(f(X1,X1),X1))=f(X1,X1)),inference(spm,[status(thm)],[c_0_556,c_0_188])).
cnf(c_0_849, plain, (f(f(f(f(X1,X2),X1),X1),f(f(X1,X2),X1))=f(X1,X2)),inference(spm,[status(thm)],[c_0_556,c_0_302])).
cnf(c_0_850, plain, (f(f(f(f(f(f(X1,X2),X1),X1),f(f(X1,X2),X1)),f(f(X1,X2),X1)),f(X1,X2))=f(f(f(X1,X2),X1),X1)),inference(spm,[status(thm)],[c_0_556,c_0_27])).
cnf(c_0_851, plain, (f(f(f(f(f(X1,f(f(X2,X3),X2)),X1),f(X1,f(f(X2,X3),X2))),f(X1,f(f(X2,X3),X2))),X1)=f(f(X1,f(f(X2,X3),X2)),X1)),inference(spm,[status(thm)],[c_0_556,c_0_12])).
cnf(c_0_852, plain, (f(f(f(f(f(X1,X1),X1),f(X1,X1)),f(X1,X1)),X1)=f(f(X1,X1),X1)),inference(spm,[status(thm)],[c_0_556,c_0_30])).
cnf(c_0_853, plain, (f(f(f(X1,f(f(X1,X1),X1)),f(f(X1,X1),X1)),f(X1,X4))=X1),inference(spm,[status(thm)],[c_0_556,c_0_14])).
cnf(c_0_854, plain, (f(f(f(X1,f(f(X1,X1),X1)),f(f(X1,X1),X1)),f(X1,X5))=X1),inference(spm,[status(thm)],[c_0_556,c_0_91])).
cnf(c_0_855, plain, (f(f(f(X1,f(f(X1,X2),X1)),f(f(X1,X2),X1)),f(X1,X4))=X1),inference(spm,[status(thm)],[c_0_556,c_0_5])).
cnf(c_0_856, plain, (f(f(f(f(X1,X2),f(f(f(X1,X2),X1),X1)),f(f(f(X1,X2),X1),X1)),f(f(X1,X2),X4))=f(X1,X2)),inference(spm,[status(thm)],[c_0_556,c_0_408])).
cnf(c_0_857, plain, (f(f(f(f(f(f(X1,X2),X1),X1),f(f(X1,X2),X1)),f(f(X1,X2),X1)),f(f(f(f(X1,X2),X1),X1),X4))=f(f(f(X1,X2),X1),X1)),inference(spm,[status(thm)],[c_0_556,c_0_496])).
cnf(c_0_858, plain, (f(f(f(f(f(X1,X1),X1),f(X1,X1)),f(X1,X1)),f(f(f(X1,X1),X1),X4))=f(f(X1,X1),X1)),inference(spm,[status(thm)],[c_0_556,c_0_584])).
cnf(c_0_859, plain, (f(f(f(f(f(X1,X1),X1),f(X1,X1)),f(X1,X1)),f(f(f(X1,X1),X1),X4))=f(f(X1,X1),X1)),inference(spm,[status(thm)],[c_0_556,c_0_188])).
cnf(c_0_860, plain, (f(f(f(f(f(X1,X2),X1),f(X1,X2)),f(X1,X2)),f(f(f(X1,X2),X1),X4))=f(f(X1,X2),X1)),inference(spm,[status(thm)],[c_0_556,c_0_302])).
cnf(c_0_861, plain, (f(f(f(f(X1,X2),f(f(f(X1,X2),X1),X1)),f(f(f(X1,X2),X1),X1)),f(f(X1,X2),X3))=f(X1,X2)),inference(spm,[status(thm)],[c_0_556,c_0_27])).
cnf(c_0_862, plain, (f(f(f(X1,f(f(X1,f(f(X2,X3),X2)),X1)),f(f(X1,f(f(X2,X3),X2)),X1)),f(X1,X4))=X1),inference(spm,[status(thm)],[c_0_556,c_0_12])).
cnf(c_0_863, plain, (f(f(f(X1,f(f(X1,X1),X1)),f(f(X1,X1),X1)),f(X1,X2))=X1),inference(spm,[status(thm)],[c_0_556,c_0_30])).
cnf(c_0_864, plain, (f(f(f(f(X1,X1),X1),X1),f(f(X1,X1),X5))=f(X1,X1)),inference(spm,[status(thm)],[c_0_556,c_0_596])).
cnf(c_0_865, plain, (f(f(f(f(X1,X1),X1),X1),f(f(X1,X1),X4))=f(X1,X1)),inference(spm,[status(thm)],[c_0_556,c_0_70])).
cnf(c_0_866, plain, (f(f(f(f(X1,X1),X1),X1),f(f(X1,X1),X5))=f(X1,X1)),inference(spm,[status(thm)],[c_0_556,c_0_227])).
cnf(c_0_867, plain, (f(f(f(f(X1,X1),X1),X1),f(f(X1,X1),X3))=f(X1,X1)),inference(spm,[status(thm)],[c_0_556,c_0_13])).
cnf(c_0_868, plain, (f(f(X1,f(X1,X1)),f(f(f(X1,X1),X1),X2))=f(f(X1,X1),X1)),inference(spm,[status(thm)],[c_0_556,c_0_5])).
cnf(c_0_869, plain, (f(f(f(f(f(X1,X2),X1),X1),f(X1,X2)),f(f(f(X1,X2),X1),X3))=f(f(X1,X2),X1)),inference(spm,[status(thm)],[c_0_556,c_0_496])).
cnf(c_0_870, plain, (f(f(X1,X2),f(f(f(X1,X2),X1),X3))=f(f(X1,X2),X1)),inference(spm,[status(thm)],[c_0_556,c_0_5])).
cnf(c_0_871, plain, (f(X1,f(f(X1,f(f(X1,X2),X1)),X3))=f(X1,f(f(X1,X2),X1))),inference(spm,[status(thm)],[c_0_556,c_0_12])).
cnf(c_0_872, plain, (f(X1,f(f(X1,X1),X2))=f(X1,X1)),inference(spm,[status(thm)],[c_0_556,c_0_30])).
cnf(c_0_873, plain, (f(f(f(f(X1,X2),f(X1,X2)),X3),f(f(X1,X2),f(X3,X4)))=f(f(f(f(X1,X2),f(X3,X4)),f(f(X1,X2),f(X3,X4))),X1)),inference(spm,[status(thm)],[c_0_26,c_0_26])).
cnf(c_0_874, plain, (f(f(f(f(X1,X1),X2),f(X1,f(X2,X3))),f(X1,X4))=f(X1,f(X2,X3))),inference(spm,[status(thm)],[c_0_5,c_0_26])).
cnf(c_0_875, plain, (f(f(X1,f(X2,X3)),f(f(X1,X1),X2))=f(f(X1,f(X2,X3)),f(X1,f(X2,X3)))),inference(spm,[status(thm)],[c_0_13,c_0_26])).
cnf(c_0_876, plain, (f(f(f(f(X1,f(X2,X3)),f(X1,f(X2,X3))),f(X1,f(X2,X3))),f(f(f(X1,X1),X2),X4))=f(X1,f(X2,X3))),inference(spm,[status(thm)],[c_0_14,c_0_26])).
cnf(c_0_877, plain, (f(f(f(f(f(X1,X1),X2),f(X1,f(X2,X3))),f(X1,f(X2,X3))),f(X1,f(X2,X3)))=f(f(X1,X1),X2)),inference(spm,[status(thm)],[c_0_27,c_0_26])).
cnf(c_0_878, plain, (f(f(f(X1,f(X2,X3)),f(X1,f(X2,X3))),f(f(f(X1,X1),X2),X4))=f(f(f(X1,f(X2,X3)),f(X1,f(X2,X3))),f(X1,f(X2,X3)))),inference(spm,[status(thm)],[c_0_188,c_0_26])).
cnf(c_0_879, plain, (f(f(X1,f(X2,X3)),f(f(f(X1,X1),X2),X4))=f(f(X1,f(X2,X3)),f(X1,f(X2,X3)))),inference(spm,[status(thm)],[c_0_70,c_0_26])).
cnf(c_0_880, plain, (f(f(f(f(X1,f(X2,X3)),f(X1,f(X2,X3))),f(X1,f(X2,X3))),f(f(f(f(X1,X1),X2),X4),X5))=f(X1,f(X2,X3))),inference(spm,[status(thm)],[c_0_91,c_0_26])).
cnf(c_0_881, plain, (f(f(f(f(f(X1,X1),X2),f(X1,f(X2,X3))),f(X1,f(X2,X3))),f(f(X1,f(X2,X3)),X4))=f(f(X1,X1),X2)),inference(spm,[status(thm)],[c_0_408,c_0_26])).
cnf(c_0_882, plain, (f(f(X1,f(X2,X3)),f(f(f(f(X1,X1),X2),X4),X5))=f(f(X1,f(X2,X3)),f(X1,f(X2,X3)))),inference(spm,[status(thm)],[c_0_227,c_0_26])).
cnf(c_0_883, plain, (f(f(f(X1,X1),X2),f(f(X1,f(X2,X3)),X4))=f(f(f(X1,X1),X2),f(X1,f(X2,X3)))),inference(spm,[status(thm)],[c_0_302,c_0_26])).
cnf(c_0_884, plain, (f(f(f(f(f(X1,X1),X2),f(X1,f(X2,X3))),f(X1,f(X2,X3))),f(f(f(X1,X1),X2),X4))=f(f(X1,X1),X2)),inference(spm,[status(thm)],[c_0_556,c_0_26])).
cnf(c_0_885, plain, (f(f(f(f(X1,X1),X2),f(X1,f(X2,X3))),f(f(X1,f(X2,X3)),X4))=f(f(f(f(X1,X1),X2),f(X1,f(X2,X3))),f(X1,f(X2,X3)))),inference(spm,[status(thm)],[c_0_496,c_0_26])).
cnf(c_0_886, plain, (f(f(f(X1,f(X2,X3)),f(X1,f(X2,X3))),f(f(f(f(X1,X1),X2),f(X1,f(X2,X3))),X4))=f(f(f(X1,f(X2,X3)),f(X1,f(X2,X3))),f(X1,f(X2,X3)))),inference(spm,[status(thm)],[c_0_584,c_0_26])).
cnf(c_0_887, plain, (f(f(X1,f(X2,X3)),f(f(f(f(f(X1,X1),X2),f(X1,f(X2,X3))),X4),X5))=f(f(X1,f(X2,X3)),f(X1,f(X2,X3)))),inference(spm,[status(thm)],[c_0_596,c_0_26])).
cnf(c_0_888, plain, (f(f(f(X1,f(X2,f(X3,X4))),X1),f(f(X2,X2),X3))=X1),inference(spm,[status(thm)],[c_0_5,c_0_26])).
cnf(c_0_889, plain, (f(f(X1,f(f(X2,X2),X3)),X1)=f(f(X1,X1),f(X2,f(X3,X4)))),inference(spm,[status(thm)],[c_0_26,c_0_26])).
cnf(c_0_890, plain, (f(f(f(f(f(X1,f(X2,X3)),X4),f(X1,f(X2,X3))),f(X1,f(X2,X3))),f(f(X1,X1),X2))=f(f(X1,f(X2,X3)),X4)),inference(spm,[status(thm)],[c_0_408,c_0_26])).
cnf(c_0_891, plain, (f(f(f(X1,f(X2,X3)),X4),f(f(X1,X1),X2))=f(f(f(X1,f(X2,X3)),X4),f(X1,f(X2,X3)))),inference(spm,[status(thm)],[c_0_302,c_0_26])).
cnf(c_0_892, plain, (f(f(f(f(X1,f(X2,X3)),X4),f(X1,f(X2,X3))),f(f(X1,X1),X2))=f(f(f(f(X1,f(X2,X3)),X4),f(X1,f(X2,X3))),f(X1,f(X2,X3)))),inference(spm,[status(thm)],[c_0_496,c_0_26])).
cnf(c_0_893, plain, (f(f(f(f(f(X1,X2),X3),f(X1,X2)),f(f(f(X1,X2),X3),f(X1,X2))),X1)=f(f(X1,X2),X3)),inference(spm,[status(thm)],[c_0_556,c_0_26])).
cnf(c_0_894, plain, (f(f(f(f(X1,X2),f(X1,X2)),f(f(X1,X2),f(X1,X2))),X1)=f(X1,X2)),inference(spm,[status(thm)],[c_0_5,c_0_26])).
cnf(c_0_895, plain, (f(f(f(f(X1,X2),X3),f(f(X1,X2),X3)),X1)=f(f(f(f(X1,X2),X3),f(X1,X2)),f(X1,X2))),inference(spm,[status(thm)],[c_0_496,c_0_26])).
cnf(c_0_896, plain, (f(f(f(X1,X1),X1),f(f(f(X1,X2),f(X1,X2)),X3))=X1),inference(spm,[status(thm)],[c_0_91,c_0_26])).
cnf(c_0_897, plain, (f(X1,f(f(f(X1,X2),f(X1,X2)),X3))=f(X1,X1)),inference(spm,[status(thm)],[c_0_227,c_0_26])).
cnf(c_0_898, plain, (f(f(f(X1,X2),f(X1,X2)),f(f(f(f(X1,X2),X3),f(f(X1,X2),X3)),X1))=f(f(f(X1,X2),f(X1,X2)),f(X1,X2))),inference(spm,[status(thm)],[c_0_584,c_0_26])).
cnf(c_0_899, plain, (f(f(X1,X2),f(f(f(f(f(X1,X2),X3),f(f(X1,X2),X3)),X1),X4))=f(f(X1,X2),f(X1,X2))),inference(spm,[status(thm)],[c_0_596,c_0_26])).
cnf(c_0_900, plain, (f(X1,f(f(f(f(X1,X2),X1),f(f(X1,X2),X1)),X3))=f(X1,X1)),inference(spm,[status(thm)],[c_0_596,c_0_26])).
cnf(c_0_901, plain, (f(f(f(X1,X1),X2),f(f(X2,X3),X4))=X1),inference(spm,[status(thm)],[c_0_5,c_0_26])).
cnf(c_0_902, plain, (f(f(f(f(X1,X1),X2),X1),X1)=f(X1,f(X2,X3))),inference(spm,[status(thm)],[c_0_27,c_0_26])).
cnf(c_0_903, plain, (f(f(f(f(X1,X1),X2),X1),f(X1,X4))=f(X1,f(X2,X3))),inference(spm,[status(thm)],[c_0_408,c_0_26])).
cnf(c_0_904, plain, (f(f(f(f(X1,X1),X2),X1),f(f(X1,f(X2,X3)),X4))=f(X1,f(X2,X3))),inference(spm,[status(thm)],[c_0_556,c_0_26])).
cnf(c_0_905, plain, (f(f(f(X1,X1),X2),f(X1,X4))=f(f(f(X1,X1),X2),X1)),inference(spm,[status(thm)],[c_0_496,c_0_26])).
cnf(c_0_906, plain, (f(f(X1,X1),f(f(f(X1,X1),X2),X4))=f(f(X1,X1),X1)),inference(spm,[status(thm)],[c_0_584,c_0_26])).
cnf(c_0_907, plain, (f(X1,f(f(f(f(X1,X1),X2),X4),X5))=f(X1,X1)),inference(spm,[status(thm)],[c_0_596,c_0_26])).
cnf(c_0_908, plain, (f(f(f(f(X1,X2),f(X1,X2)),X1),f(f(f(X1,X2),X3),X4))=f(X1,X2)),inference(spm,[status(thm)],[c_0_14,c_0_26])).
cnf(c_0_909, plain, (f(f(f(f(X1,X2),f(X1,X2)),X1),f(X1,X2))=f(X1,X2)),inference(spm,[status(thm)],[c_0_30,c_0_26])).
cnf(c_0_910, plain, (f(f(f(f(X1,X2),f(X1,X2)),X1),f(f(f(f(X1,X2),X3),X4),X5))=f(X1,X2)),inference(spm,[status(thm)],[c_0_91,c_0_26])).
cnf(c_0_911, plain, (f(f(f(X1,X1),X1),f(f(X1,X1),X2))=X1),inference(spm,[status(thm)],[c_0_14,c_0_26])).
cnf(c_0_912, plain, (f(f(X1,X1),f(f(X1,X1),X2))=f(f(X1,X1),X1)),inference(spm,[status(thm)],[c_0_188,c_0_26])).
cnf(c_0_913, plain, (f(X1,f(f(X1,X1),X2))=f(X1,X1)),inference(spm,[status(thm)],[c_0_70,c_0_26])).
cnf(c_0_914, plain, (f(f(f(X1,X1),X1),f(f(f(X1,X1),X2),X4))=X1),inference(spm,[status(thm)],[c_0_91,c_0_26])).
cnf(c_0_915, plain, (f(X1,f(f(f(X1,X1),X2),X4))=f(X1,X1)),inference(spm,[status(thm)],[c_0_227,c_0_26])).
cnf(c_0_916, plain, (f(f(f(f(X1,f(X2,X3)),X1),X1),f(f(X1,X1),X2))=f(X1,f(X2,X3))),inference(spm,[status(thm)],[c_0_556,c_0_26])).
cnf(c_0_917, plain, (f(f(X1,f(X2,X3)),X1)=f(f(X1,X1),f(f(f(X2,X3),X2),X2))),inference(spm,[status(thm)],[c_0_26,c_0_556])).
cnf(c_0_918, plain, (f(f(X1,X2),X1)=f(f(X1,X1),f(f(X2,X2),X2))),inference(spm,[status(thm)],[c_0_26,c_0_14])).
cnf(c_0_919, plain, (f(f(X1,X2),X1)=f(f(X1,X1),f(f(X2,X2),X2))),inference(spm,[status(thm)],[c_0_26,c_0_91])).
cnf(c_0_920, plain, (f(f(X1,X2),X1)=f(f(X1,X1),f(f(X2,X3),X2))),inference(spm,[status(thm)],[c_0_26,c_0_5])).
cnf(c_0_921, plain, (f(f(X1,f(X2,X3)),X1)=f(f(X1,X1),f(f(f(X2,X3),X2),X2))),inference(spm,[status(thm)],[c_0_26,c_0_408])).
cnf(c_0_922, plain, (f(f(X1,f(f(f(X2,X3),X2),X2)),X1)=f(f(X1,X1),f(f(X2,X3),X2))),inference(spm,[status(thm)],[c_0_26,c_0_496])).
cnf(c_0_923, plain, (f(f(X1,f(f(X2,X2),X2)),X1)=f(f(X1,X1),f(X2,X2))),inference(spm,[status(thm)],[c_0_26,c_0_584])).
cnf(c_0_924, plain, (f(f(X1,f(f(X2,X2),X2)),X1)=f(f(X1,X1),f(X2,X2))),inference(spm,[status(thm)],[c_0_26,c_0_188])).
cnf(c_0_925, plain, (f(f(X1,f(f(X2,X3),X2)),X1)=f(f(X1,X1),f(X2,X3))),inference(spm,[status(thm)],[c_0_26,c_0_302])).
cnf(c_0_926, plain, (f(f(X1,f(X2,X3)),X1)=f(f(X1,X1),f(f(f(X2,X3),X2),X2))),inference(spm,[status(thm)],[c_0_26,c_0_27])).
cnf(c_0_927, plain, (f(f(X1,X2),X1)=f(f(X1,X1),f(f(X2,X2),X2))),inference(spm,[status(thm)],[c_0_26,c_0_30])).
cnf(c_0_928, plain, (f(f(X1,f(X2,X2)),X1)=f(f(X1,X1),X2)),inference(spm,[status(thm)],[c_0_26,c_0_596])).
cnf(c_0_929, plain, (f(f(X1,f(X2,X2)),X1)=f(f(X1,X1),X2)),inference(spm,[status(thm)],[c_0_26,c_0_70])).
cnf(c_0_930, plain, (f(f(X1,f(X2,X2)),X1)=f(f(X1,X1),X2)),inference(spm,[status(thm)],[c_0_26,c_0_227])).
cnf(c_0_931, plain, (f(f(X1,f(X2,X2)),X1)=f(f(X1,X1),X2)),inference(spm,[status(thm)],[c_0_26,c_0_13])).
cnf(c_0_932, plain, (f(f(f(X1,X2),X3),f(f(f(f(X1,X2),X3),f(X1,X2)),f(X1,X2)))=f(f(f(f(f(f(X1,X2),X3),f(X1,X2)),f(X1,X2)),f(f(f(f(X1,X2),X3),f(X1,X2)),f(X1,X2))),X1)),inference(spm,[status(thm)],[c_0_26,c_0_27])).
cnf(c_0_933, plain, (f(f(X1,X2),f(f(f(X1,X2),f(X1,X2)),f(X1,X2)))=f(f(f(f(f(X1,X2),f(X1,X2)),f(X1,X2)),f(f(f(X1,X2),f(X1,X2)),f(X1,X2))),X1)),inference(spm,[status(thm)],[c_0_26,c_0_30])).
cnf(c_0_934, plain, (f(f(X1,X2),f(f(f(X1,X2),X1),X1))=f(f(f(f(f(X1,X2),X1),X1),f(f(f(X1,X2),X1),X1)),f(X1,X2))),inference(spm,[status(thm)],[c_0_26,c_0_556])).
cnf(c_0_935, plain, (f(X1,f(f(X1,X1),X1))=f(f(f(f(X1,X1),X1),f(f(X1,X1),X1)),f(X1,X2))),inference(spm,[status(thm)],[c_0_26,c_0_14])).
cnf(c_0_936, plain, (f(X1,f(f(X1,X1),X1))=f(f(f(f(X1,X1),X1),f(f(X1,X1),X1)),f(f(X1,X2),X3))),inference(spm,[status(thm)],[c_0_26,c_0_91])).
cnf(c_0_937, plain, (f(X1,f(f(X1,X2),X1))=f(f(f(f(X1,X2),X1),f(f(X1,X2),X1)),X2)),inference(spm,[status(thm)],[c_0_26,c_0_5])).
cnf(c_0_938, plain, (f(f(X1,X2),f(f(f(X1,X2),X1),X1))=f(f(f(f(f(X1,X2),X1),X1),f(f(f(X1,X2),X1),X1)),X1)),inference(spm,[status(thm)],[c_0_26,c_0_408])).
cnf(c_0_939, plain, (f(f(f(f(X1,X2),X1),X1),f(f(X1,X2),X1))=f(f(f(f(X1,X2),X1),f(f(X1,X2),X1)),X1)),inference(spm,[status(thm)],[c_0_26,c_0_496])).
cnf(c_0_940, plain, (f(f(f(X1,X1),X1),f(X1,X1))=f(f(f(X1,X1),f(X1,X1)),f(f(X1,X2),X1))),inference(spm,[status(thm)],[c_0_26,c_0_584])).
cnf(c_0_941, plain, (f(f(f(X1,X1),X1),f(X1,X1))=f(f(f(X1,X1),f(X1,X1)),f(X1,X2))),inference(spm,[status(thm)],[c_0_26,c_0_188])).
cnf(c_0_942, plain, (f(f(f(X1,X2),X1),f(X1,X2))=f(f(f(X1,X2),f(X1,X2)),X1)),inference(spm,[status(thm)],[c_0_26,c_0_302])).
cnf(c_0_943, plain, (f(f(X1,X1),X1)=f(f(X1,X1),f(f(f(X1,X2),X1),X3))),inference(spm,[status(thm)],[c_0_26,c_0_596])).
cnf(c_0_944, plain, (f(f(X1,X1),X1)=f(f(X1,X1),f(X1,X2))),inference(spm,[status(thm)],[c_0_26,c_0_70])).
cnf(c_0_945, plain, (f(f(X1,X1),X1)=f(f(X1,X1),f(f(X1,X2),X3))),inference(spm,[status(thm)],[c_0_26,c_0_227])).
cnf(c_0_946, plain, (f(X1,f(f(X1,X1),f(f(X2,X3),X4)))=f(f(f(f(X1,X1),f(f(X2,X3),X4)),f(f(X1,X1),f(f(X2,X3),X4))),X2)),inference(spm,[status(thm)],[c_0_26,c_0_12])).
cnf(c_0_947, plain, (f(f(X1,f(f(X1,X1),f(X2,X3))),f(X2,X4))=f(f(X1,X1),f(X2,X3))),inference(spm,[status(thm)],[c_0_5,c_0_12])).
cnf(c_0_948, plain, (f(f(f(X1,X1),f(X2,X3)),X1)=f(f(f(X1,X1),f(X2,X3)),f(f(X1,X1),f(X2,X3)))),inference(spm,[status(thm)],[c_0_13,c_0_12])).
cnf(c_0_949, plain, (f(f(f(f(f(X1,X1),f(X2,X3)),f(f(X1,X1),f(X2,X3))),f(f(X1,X1),f(X2,X3))),f(X1,X4))=f(f(X1,X1),f(X2,X3))),inference(spm,[status(thm)],[c_0_14,c_0_12])).
cnf(c_0_950, plain, (f(f(f(X1,f(f(X1,X1),f(X2,X3))),f(f(X1,X1),f(X2,X3))),f(f(X1,X1),f(X2,X3)))=X1),inference(spm,[status(thm)],[c_0_27,c_0_12])).
cnf(c_0_951, plain, (f(f(f(f(X1,X1),f(X2,X3)),f(f(X1,X1),f(X2,X3))),f(X1,X4))=f(f(f(f(X1,X1),f(X2,X3)),f(f(X1,X1),f(X2,X3))),f(f(X1,X1),f(X2,X3)))),inference(spm,[status(thm)],[c_0_188,c_0_12])).
cnf(c_0_952, plain, (f(f(f(X1,X1),f(X2,X3)),f(X1,X4))=f(f(f(X1,X1),f(X2,X3)),f(f(X1,X1),f(X2,X3)))),inference(spm,[status(thm)],[c_0_70,c_0_12])).
cnf(c_0_953, plain, (f(f(f(f(f(X1,X1),f(X2,X3)),f(f(X1,X1),f(X2,X3))),f(f(X1,X1),f(X2,X3))),f(f(X1,X4),X5))=f(f(X1,X1),f(X2,X3))),inference(spm,[status(thm)],[c_0_91,c_0_12])).
cnf(c_0_954, plain, (f(f(f(X1,f(f(X1,X1),f(X2,X3))),f(f(X1,X1),f(X2,X3))),f(f(f(X1,X1),f(X2,X3)),X4))=X1),inference(spm,[status(thm)],[c_0_408,c_0_12])).
cnf(c_0_955, plain, (f(f(f(X1,X1),f(X2,X3)),f(f(X1,X4),X5))=f(f(f(X1,X1),f(X2,X3)),f(f(X1,X1),f(X2,X3)))),inference(spm,[status(thm)],[c_0_227,c_0_12])).
cnf(c_0_956, plain, (f(X1,f(f(f(X1,X1),f(X2,X3)),X4))=f(X1,f(f(X1,X1),f(X2,X3)))),inference(spm,[status(thm)],[c_0_302,c_0_12])).
cnf(c_0_957, plain, (f(f(f(X1,f(f(X1,X1),f(X2,X3))),f(f(X1,X1),f(X2,X3))),f(X1,X4))=X1),inference(spm,[status(thm)],[c_0_556,c_0_12])).
cnf(c_0_958, plain, (f(f(X1,f(f(X1,X1),f(X2,X3))),f(f(f(X1,X1),f(X2,X3)),X4))=f(f(X1,f(f(X1,X1),f(X2,X3))),f(f(X1,X1),f(X2,X3)))),inference(spm,[status(thm)],[c_0_496,c_0_12])).
cnf(c_0_959, plain, (f(f(f(f(X1,X1),f(X2,X3)),f(f(X1,X1),f(X2,X3))),f(f(X1,f(f(X1,X1),f(X2,X3))),X4))=f(f(f(f(X1,X1),f(X2,X3)),f(f(X1,X1),f(X2,X3))),f(f(X1,X1),f(X2,X3)))),inference(spm,[status(thm)],[c_0_584,c_0_12])).
cnf(c_0_960, plain, (f(f(f(X1,X1),f(X2,X3)),f(f(f(X1,f(f(X1,X1),f(X2,X3))),X4),X5))=f(f(f(X1,X1),f(X2,X3)),f(f(X1,X1),f(X2,X3)))),inference(spm,[status(thm)],[c_0_596,c_0_12])).
cnf(c_0_961, plain, (f(f(f(X1,f(f(X2,X2),f(X3,X4))),X1),X2)=X1),inference(spm,[status(thm)],[c_0_5,c_0_12])).
cnf(c_0_962, plain, (f(f(X1,X2),X1)=f(f(X1,X1),f(f(X2,X2),f(X3,X4)))),inference(spm,[status(thm)],[c_0_26,c_0_12])).
cnf(c_0_963, plain, (f(f(f(X1,X1),X2),f(f(X2,X2),f(X3,X4)))=X1),inference(spm,[status(thm)],[c_0_12,c_0_12])).
cnf(c_0_964, plain, (f(f(f(f(f(f(X1,X1),f(X2,X3)),X4),f(f(X1,X1),f(X2,X3))),f(f(X1,X1),f(X2,X3))),X1)=f(f(f(X1,X1),f(X2,X3)),X4)),inference(spm,[status(thm)],[c_0_408,c_0_12])).
cnf(c_0_965, plain, (f(f(f(f(X1,X1),f(X2,X3)),X4),X1)=f(f(f(f(X1,X1),f(X2,X3)),X4),f(f(X1,X1),f(X2,X3)))),inference(spm,[status(thm)],[c_0_302,c_0_12])).
cnf(c_0_966, plain, (f(f(f(f(f(X1,X1),f(X2,X3)),X4),f(f(X1,X1),f(X2,X3))),X1)=f(f(f(f(f(X1,X1),f(X2,X3)),X4),f(f(X1,X1),f(X2,X3))),f(f(X1,X1),f(X2,X3)))),inference(spm,[status(thm)],[c_0_496,c_0_12])).
cnf(c_0_967, plain, (f(f(X1,X2),X1)=f(f(X1,X2),f(X1,X2))),inference(spm,[status(thm)],[c_0_12,c_0_12])).
cnf(c_0_968, plain, (X1=f(f(f(X1,X1),f(f(f(X1,X1),X2),X3)),f(X1,X1))),inference(spm,[status(thm)],[c_0_302,c_0_12])).
cnf(c_0_969, plain, (f(X1,f(f(f(X1,X1),X2),X3))=f(X1,X1)),inference(spm,[status(thm)],[c_0_5,c_0_12])).
cnf(c_0_970, plain, (f(f(X1,f(X1,X1)),f(X1,X1))=f(f(X1,X1),f(f(X1,X1),X2))),inference(spm,[status(thm)],[c_0_27,c_0_12])).
cnf(c_0_971, plain, (f(f(X1,f(X1,X1)),f(f(X1,X1),X3))=f(f(X1,X1),f(f(X1,X1),X2))),inference(spm,[status(thm)],[c_0_408,c_0_12])).
cnf(c_0_972, plain, (f(f(X1,f(X1,X1)),f(f(f(X1,X1),f(f(X1,X1),X2)),X3))=f(f(X1,X1),f(f(X1,X1),X2))),inference(spm,[status(thm)],[c_0_556,c_0_12])).
cnf(c_0_973, plain, (f(X1,f(f(X1,X1),X3))=f(X1,f(X1,X1))),inference(spm,[status(thm)],[c_0_496,c_0_12])).
cnf(c_0_974, plain, (f(f(f(X1,X1),f(X1,X1)),f(X1,X3))=f(f(f(X1,X1),f(X1,X1)),f(X1,X1))),inference(spm,[status(thm)],[c_0_584,c_0_12])).
cnf(c_0_975, plain, (f(f(X1,X1),f(f(X1,X3),X4))=f(f(X1,X1),f(X1,X1))),inference(spm,[status(thm)],[c_0_596,c_0_12])).
cnf(c_0_976, plain, (f(f(f(f(X1,X1),f(X1,X1)),f(X1,X1)),X1)=f(X1,X1)),inference(spm,[status(thm)],[c_0_14,c_0_12])).
cnf(c_0_977, plain, (f(f(f(X1,X1),f(X1,X1)),X1)=f(f(f(X1,X1),f(X1,X1)),f(X1,X1))),inference(spm,[status(thm)],[c_0_188,c_0_12])).
cnf(c_0_978, plain, (f(f(X1,X1),X1)=f(f(X1,X1),f(X1,X1))),inference(spm,[status(thm)],[c_0_70,c_0_12])).
cnf(c_0_979, plain, (f(f(f(f(X1,X1),f(X1,X1)),f(X1,X1)),f(X1,X4))=f(X1,X1)),inference(spm,[status(thm)],[c_0_91,c_0_12])).
cnf(c_0_980, plain, (f(f(X1,X1),f(X1,X4))=f(f(X1,X1),f(X1,X1))),inference(spm,[status(thm)],[c_0_227,c_0_12])).
cnf(c_0_981, plain, (f(f(f(f(f(X1,X1),f(X2,X3)),f(X1,X1)),f(X1,X1)),X1)=f(f(X1,X1),f(X2,X3))),inference(spm,[status(thm)],[c_0_556,c_0_12])).
cnf(c_0_982, plain, (X1=f(f(f(X1,X1),f(X1,X1)),f(X1,X1))),inference(spm,[status(thm)],[c_0_26,c_0_12])).
cnf(c_0_983, plain, (f(f(f(X1,X1),X1),X1)=X1),inference(spm,[status(thm)],[c_0_91,c_0_12])).
cnf(c_0_984, plain, (f(f(X1,X2),f(f(X1,X2),X3))=f(f(X1,X2),f(X1,X2))),inference(spm,[status(thm)],[c_0_596,c_0_12])).
cnf(c_0_985, plain, (f(f(f(X1,X1),f(X2,X3)),f(f(f(X2,X3),X2),X2))=X1),inference(spm,[status(thm)],[c_0_12,c_0_556])).
cnf(c_0_986, plain, (f(f(f(X1,X1),X2),f(f(X2,X2),X2))=X1),inference(spm,[status(thm)],[c_0_12,c_0_14])).
cnf(c_0_987, plain, (f(f(f(X1,X1),X2),f(f(X2,X2),X2))=X1),inference(spm,[status(thm)],[c_0_12,c_0_91])).
cnf(c_0_988, plain, (f(f(f(X1,X1),X2),f(f(X2,X3),X2))=X1),inference(spm,[status(thm)],[c_0_12,c_0_5])).
cnf(c_0_989, plain, (f(f(f(X1,X1),f(X2,X3)),f(f(f(X2,X3),X2),X2))=X1),inference(spm,[status(thm)],[c_0_12,c_0_408])).
cnf(c_0_990, plain, (f(f(f(X1,X1),f(f(f(X2,X3),X2),X2)),f(f(X2,X3),X2))=X1),inference(spm,[status(thm)],[c_0_12,c_0_496])).
cnf(c_0_991, plain, (f(f(f(X1,X1),f(f(X2,X2),X2)),f(X2,X2))=X1),inference(spm,[status(thm)],[c_0_12,c_0_584])).
cnf(c_0_992, plain, (f(f(f(X1,X1),f(f(X2,X2),X2)),f(X2,X2))=X1),inference(spm,[status(thm)],[c_0_12,c_0_188])).
cnf(c_0_993, plain, (f(f(f(X1,X1),f(f(X2,X3),X2)),f(X2,X3))=X1),inference(spm,[status(thm)],[c_0_12,c_0_302])).
cnf(c_0_994, plain, (f(f(f(X1,X1),f(X2,X3)),f(f(f(X2,X3),X2),X2))=X1),inference(spm,[status(thm)],[c_0_12,c_0_27])).
cnf(c_0_995, plain, (f(f(f(X1,X1),X2),f(f(X2,X2),X2))=X1),inference(spm,[status(thm)],[c_0_12,c_0_30])).
cnf(c_0_996, plain, (f(f(f(X1,X1),f(f(X2,X2),X3)),f(X2,f(X3,X4)))=X1),inference(spm,[status(thm)],[c_0_12,c_0_26])).
cnf(c_0_997, plain, (f(f(f(X1,X1),f(X2,X2)),X2)=X1),inference(spm,[status(thm)],[c_0_12,c_0_596])).
cnf(c_0_998, plain, (f(f(f(X1,X1),f(X2,X2)),X2)=X1),inference(spm,[status(thm)],[c_0_12,c_0_70])).
cnf(c_0_999, plain, (f(f(f(X1,X1),f(X2,X2)),X2)=X1),inference(spm,[status(thm)],[c_0_12,c_0_227])).
cnf(c_0_1000, plain, (f(f(f(X1,X1),f(X2,X2)),X2)=X1),inference(spm,[status(thm)],[c_0_12,c_0_13])).
cnf(c_0_1001, plain, (f(f(X1,f(X2,X3)),X2)=f(f(X1,X1),X1)),inference(spm,[status(thm)],[c_0_12,c_0_14])).
cnf(c_0_1002, plain, (f(f(f(f(X1,X2),X1),f(X3,X4)),X3)=f(X1,X2)),inference(spm,[status(thm)],[c_0_12,c_0_302])).
cnf(c_0_1003, plain, (f(f(f(X1,X1),f(X1,X1)),f(f(f(f(X1,X1),X2),f(X1,X1)),X3))=X1),inference(spm,[status(thm)],[c_0_12,c_0_596])).
cnf(c_0_1004, plain, (f(f(f(X1,X1),f(X1,X1)),f(f(X1,X1),X2))=X1),inference(spm,[status(thm)],[c_0_12,c_0_70])).
cnf(c_0_1005, plain, (f(f(f(X1,X1),f(X1,X1)),f(f(f(X1,X1),X2),X3))=X1),inference(spm,[status(thm)],[c_0_12,c_0_227])).
cnf(c_0_1006, plain, (f(f(f(X1,X1),f(X1,X1)),f(X1,X1))=X1),inference(spm,[status(thm)],[c_0_12,c_0_13])).
cnf(c_0_1007, plain, (f(f(f(f(X1,X2),f(X1,X2)),X1),X1)=f(X1,X2)),inference(spm,[status(thm)],[c_0_12,c_0_26])).
cnf(c_0_1008, plain, (f(f(f(X1,X1),X1),f(f(X1,X2),X1))=X1),inference(spm,[status(thm)],[c_0_12,c_0_584])).
cnf(c_0_1009, plain, (f(f(f(X1,X1),X1),f(X1,X2))=X1),inference(spm,[status(thm)],[c_0_12,c_0_188])).
cnf(c_0_1010, plain, (f(f(f(X1,X1),X1),X1)=X1),inference(spm,[status(thm)],[c_0_12,c_0_302])).
cnf(c_0_1011, negated_conjecture, ($false),inference(cn,[status(thm)],[c_0_10])).
cnf(c_0_1012, negated_conjecture, ($false), c_0_1011,['proof']).

% Proof found!
% SZS status Theorem
% SZS output start CNFRefutation
fof(hypothesis, axiom, ![X1, X2, X3]:(X1=f(f(f(X1,X2),X1),f(X2,X3))), file('analysis/remaining_true_atp_export/true_2055_2656/true_2055_2656.p', hypothesis)).
fof(goal, conjecture, ![X1, X2, X3]:(X1=f(f(f(X1,X1),f(X2,X3)),X2)), file('analysis/remaining_true_atp_export/true_2055_2656/true_2055_2656.p', goal)).
fof(c_0_2, plain, ![X4, X5, X6]:(X4=f(f(f(X4,X5),X4),f(X5,X6))), inference(variable_rename,[status(thm)],[hypothesis])).
cnf(c_0_3, plain, (X1=f(f(f(X1,X2),X1),f(X2,X3))), inference(split_conjunct,[status(thm)],[c_0_2])).
cnf(c_0_4, plain, (f(X1,f(X1,X2))=f(X1,X1)), inference(spm,[status(thm)],[c_0_3, c_0_3])).
cnf(c_0_5, plain, (f(f(f(X1,f(f(X2,X3),X2)),X1),X2)=X1), inference(spm,[status(thm)],[c_0_3, c_0_3])).
cnf(c_0_6, plain, (f(f(f(X1,X1),X1),f(f(X1,X2),X3))=X1), inference(spm,[status(thm)],[c_0_3, c_0_4])).
cnf(c_0_7, plain, (f(f(X1,f(f(X1,X1),X1)),X1)=f(f(X1,X1),X1)), inference(spm,[status(thm)],[c_0_5, c_0_6])).
cnf(c_0_8, plain, (f(X1,f(f(X1,X1),X1))=f(X1,X1)), inference(rw,[status(thm)],[inference(rw,[status(thm)],[inference(spm,[status(thm)],[c_0_3, c_0_7]), c_0_3]), c_0_4])).
cnf(c_0_9, plain, (f(f(X1,X1),f(X1,X2))=f(f(X1,X1),X1)), inference(rw,[status(thm)],[inference(rw,[status(thm)],[inference(spm,[status(thm)],[c_0_6, c_0_6]), c_0_6]), c_0_8])).
fof(c_0_10, negated_conjecture, ~(![X1, X2, X3]:(X1=f(f(f(X1,X1),f(X2,X3)),X2))), inference(assume_negation,[status(cth)],[goal])).
cnf(c_0_11, plain, (f(X1,f(f(X1,X2),X3))=f(X1,X1)), inference(rw,[status(thm)],[inference(spm,[status(thm)],[c_0_3, c_0_9]), c_0_3])).
fof(c_0_12, negated_conjecture, esk1_0!=f(f(f(esk1_0,esk1_0),f(esk2_0,esk3_0)),esk2_0), inference(fof_nnf,[status(thm)],[inference(skolemize,[status(esa)],[inference(variable_rename,[status(thm)],[inference(fof_nnf,[status(thm)],[c_0_10])])])])).
cnf(c_0_13, plain, (f(f(X1,f(X2,X3)),X1)=f(f(X1,X1),X2)), inference(rw,[status(thm)],[inference(spm,[status(thm)],[c_0_5, c_0_3]), c_0_11])).
cnf(c_0_14, negated_conjecture, (esk1_0!=f(f(f(esk1_0,esk1_0),f(esk2_0,esk3_0)),esk2_0)), inference(split_conjunct,[status(thm)],[c_0_12])).
cnf(c_0_15, plain, (f(f(f(X1,X1),f(X2,X3)),X2)=X1), inference(rw,[status(thm)],[c_0_5, c_0_13])).
cnf(c_0_16, negated_conjecture, ($false), inference(cn,[status(thm)],[inference(rw,[status(thm)],[c_0_14, c_0_15])]), ['proof']).
% SZS output end CNFRefutation
% Parsed axioms                        : 2
% Removed by relevancy pruning/SinE    : 0
% Initial clauses                      : 2
% Removed in clause preprocessing      : 0
% Initial clauses in saturation        : 2
% Processed clauses                    : 49
% ...of these trivial                  : 21
% ...subsumed                          : 0
% ...remaining for further processing  : 28
% Other redundant clauses eliminated   : 0
% Clauses deleted for lack of memory   : 0
% Backward-subsumed                    : 0
% Backward-rewritten                   : 11
% Generated clauses                    : 1000
% ...of the previous two non-redundant : 233
% ...aggressively subsumed             : 0
% Contextual simplify-reflections      : 0
% Paramodulations                      : 1000
% Factorizations                       : 0
% NegExts                              : 0
% Equation resolutions                 : 0
% Disequality decompositions           : 0
% Total rewrite steps                  : 2023
% ...of those cached                   : 1805
% Propositional unsat checks           : 0
%    Propositional check models        : 0
%    Propositional check unsatisfiable : 0
%    Propositional clauses             : 0
%    Propositional clauses after purity: 0
%    Propositional unsat core size     : 0
%    Propositional preprocessing time  : 0.000
%    Propositional encoding time       : 0.000
%    Propositional solver time         : 0.000
%    Success case prop preproc time    : 0.000
%    Success case prop encoding time   : 0.000
%    Success case prop solver time     : 0.000
% Current number of processed clauses  : 17
%    Positive orientable unit clauses  : 17
%    Positive unorientable unit clauses: 0
%    Negative unit clauses             : 0
%    Non-unit-clauses                  : 0
% Current number of unprocessed clauses: 178
% ...number of literals in the above   : 178
% Current number of archived formulas  : 0
% Current number of archived clauses   : 11
% Clause-clause subsumption calls (NU) : 0
% Rec. Clause-clause subsumption calls : 0
% Non-unit clause-clause subsumptions  : 0
% Unit Clause-clause subsumption calls : 0
% Rewrite failures with RHS unbound    : 0
% BW rewrite match attempts            : 87
% BW rewrite match successes           : 11
% Condensation attempts                : 0
% Condensation successes               : 0
% Termbank termtop insertions          : 10583
% Search garbage collected termcells   : 20
